host,distinct_urls,current_tiers,stored_tiers,flags,example_url
politifact.com,353,FactCheck:353,FactCheck:438,,https://politifact.com/article/2021/jun/08/do-police-officers-have-shorter-life-expectancy-ge/
snopes.com,207,FactCheck:207,FactCheck:285,,https://snopes.com/ap/2022/01/18/white-house-covid-test
factcheck.org,192,FactCheck:192,FactCheck:422,,https://www.factcheck.org/2004/08/republican-funded-group-attacks-kerrys-war-record/
congress.gov,180,Government:180,Government:549,GOV-NEEDS-MAPPING(else-quarantine),https://www.congress.gov/104/crpt/hrpt736/CRPT-104hrpt736-pt1.pdf
govinfo.gov,169,Government:169,Government:985,PROTECTED-T1-CANDIDATE,https://govinfo.gov/content/pkg/CREC-1997-10-21/html/CREC-1997-10-21-pt1-PgH8909.htm
washingtonpost.com,143,Established:143,Established:512,,http://www.washingtonpost.com/wp-srv/politics/interactives/budget07/agencies.html
cbsnews.com,128,Established:128,Established:383,,https://cbsnews.com/news/hero-saluted-at-state-of-the-union-faces-toughest-battle-yet
whitehouse.gov,122,Political:122,Government:279 Political:3,WHITEHOUSE-MIRROR,https://whitehouse.gov/articles/2025/02/memo-to-press-hundreds-of-dollars-are-fraudulently-spent-every-year
obamawhitehouse.archives.gov,118,Political:118,Political:772 Government:4,WHITEHOUSE-MIRROR,https://obamawhitehouse.archives.gov/blog/2012/02/25/numbers-4-billion
nytimes.com,114,Established:114,Established:201,,https://nytimes.com/live/2026/02/24/us/trump-state-of-the-union/american-natural-gas-production-is-at-an-all-time-high-b
bls.gov,110,Government:110,Government:408,PROTECTED-T1-CANDIDATE,https://www.bls.gov/bls/news-release/empsit.htm
reuters.com,104,Wire:104,Wire:207,,"https://www.reuters.com/ (see Reuters coverage Feb 24, 2026 quoting the speech)"
npr.org,101,Established:101,Established:290,,http://www.npr.org/templates/story/story.php?storyId=5071001
nbcnews.com,95,Established:95,Established:263,,https://www.nbcnews.com/business/autos/car-buyers-pay-chip-shortage-outlook-dims-n1277193
apnews.com,77,Wire:77,Wire:240,,https://apnews.com/0a5741a6f5ff991edcde42f9749cd2f8
georgewbush-whitehouse.archives.gov,75,Government:75,Government:334,WHITEHOUSE-MIRROR,https://georgewbush-whitehouse.archives.gov/ceq/text/advanced-energy.html
bidenwhitehouse.archives.gov,73,Political:73,Government:136,WHITEHOUSE-MIRROR,https://bidenwhitehouse.archives.gov/american-rescue-plan/
cbo.gov,73,Government:73,Government:205,PROTECTED-T1-CANDIDATE,https://www.cbo.gov/ftpdocs/60xx/doc6060/01-25-BudgetOutlook.pdf
cnn.com,63,Other:63,Other:139,,https://www.cnn.com/2005/POLITICS/09/29/roberts.nomination/index.html
presidency.ucsb.edu,59,Other:59,Other:219,,https://www.presidency.ucsb.edu/documents/address-before-a-joint-session-of-the-congress-the-state-the-union-0
cdc.gov,57,Government:56 Established:1,Government:137,PROTECTED-T1-CANDIDATE;MULTI-TIER(path-split-or-flap),https://cdc.gov/mmwr/volumes/71/wr/mm7104e4.htm
home.treasury.gov,51,Political:51,Government:96 Political:59,PROTECTED-T1-CANDIDATE,https://home.treasury.gov/news/featured-stories/a-third-quarter-update-to-the-purchasing-power-of-american-households
justice.gov,50,Political:50,Government:101 Political:58,GOV-NEEDS-MAPPING(else-quarantine),https://www.justice.gov/ag/media/1388501/dl
cnbc.com,49,Other:49,Other:89,,https://www.cnbc.com/2013/12/31/us-stocks.html
nato.int,48,Government:48,Government:113,GOV-NEEDS-MAPPING(else-quarantine),https://www.nato.int/content/dam/nato/legacy-wcm/media_pdf/2024/6/pdf/240617-def-exp-2024-en.pdf
eia.gov,47,Government:47,Government:142,GOV-NEEDS-MAPPING(else-quarantine),https://www.eia.gov/dnav/pet/hist/LeafHandler.ashx?f=W&n=PET&s=EMM_EPMR_PTE_SCA_DPG
bea.gov,42,Government:42,Government:127,PROTECTED-T1-CANDIDATE,https://bea.gov/news/2006/gross-domestic-product-fourth-quarter-2005-advance-estimates
gao.gov,42,Government:42,Government:111,GOV-NEEDS-MAPPING(else-quarantine),https://www.gao.gov/assets/670/664521.pdf
clintonwhitehouse6.archives.gov,42,Government:42,Government:150,GOV-NEEDS-MAPPING(else-quarantine),https://clintonwhitehouse6.archives.gov/1996/02/1996-02-20-gore-announces-plan-to-restore-everglades.html
bbc.com,36,Established:36,Established:58,,https://www.bbc.com/news/58516873
cms.gov,32,Political:25 Government:7,Government:44 Political:41,PROTECTED-T1-CANDIDATE;MULTI-TIER(path-split-or-flap),https://cms.gov/newsroom/press-releases/biden-harris-administration-announces-145-million-americans-signed-affordable-he
everycrsreport.com,28,Other:28,Other:83,,https://www.everycrsreport.com/files/20050331_RL32760_57438bb68ce4af50b592b652e1488164ca4ab1d3.pdf
pbs.org,27,Other:27,Other:46,,https://www.pbs.org/newshour/economy/ford-to-build-three-electric-vehicle-battery-factories-and-an-auto-assembly-plant
clintonwhitehouse3.archives.gov,25,Government:25,Government:108,WHITEHOUSE-MIRROR,https://clintonwhitehouse3.archives.gov/CEQ/Record/081296tp.html
cbp.gov,24,Political:14 Government:10,Government:74,GOV-NEEDS-MAPPING(else-quarantine);MULTI-TIER(path-split-or-flap),https://www.cbp.gov/document/stats/amo-drug-seizures
globalsecurity.org,24,Other:24,Other:72,,https://www.globalsecurity.org/intell/library/news/2005/intell-051219-rockefeller01.htm
abcnews.go.com,23,Established:23,Established:65,,http://abcnews.go.com/GMA/BeautySecrets/story?id=1525780
usatoday.com,23,Other:23,Other:31,,https://www.usatoday.com/story/cars/news/2026/02/25/trump-gas-price-claims/88863705007/
foxnews.com,23,Other:23,Other:55,,https://foxnews.com/politics/army-ranger-who-does-not-quit-earns-longest-state-of-the-union-ovation.amp
aljazeera.com,22,Other:22,Other:29,,https://www.aljazeera.com/economy/2024/6/26/16-nobel-prize-winning-economists-warn-trump-would-reignite-inflation
stacks.cdc.gov,22,Government:22,Government:45,PROTECTED-T1-CANDIDATE,https://stacks.cdc.gov/view/cdc/103877/cdc_103877_DS1.pdf
clintonwhitehouse4.archives.gov,22,Government:22,Government:165,WHITEHOUSE-MIRROR,https://clintonwhitehouse4.archives.gov/CEQ/e-accomp.html
clintonwhitehouse5.archives.gov,22,Government:22,Government:156,GOV-NEEDS-MAPPING(else-quarantine),https://clintonwhitehouse5.archives.gov/WH/Accomplishments/welfare.html
state.gov,21,Political:15 Government:6,Government:39 Political:8,GOV-NEEDS-MAPPING(else-quarantine);MULTI-TIER(path-split-or-flap),http://www.state.gov/j/ct/rls/crt/2012/209978.htm
fred.stlouisfed.org,21,Government:21,Government:48 Other:16,,https://fred.stlouisfed.org/graph/?g=sGy4
dhs.gov,20,Political:19 Government:1,Government:55,GOV-NEEDS-MAPPING(else-quarantine);MULTI-TIER(path-split-or-flap),https://www.dhs.gov/news-releases/press-releases?field_taxonomy_topics_tid=180&page=0
aspe.hhs.gov,19,Established:19,Established:70 Government:4,GOV-NEEDS-MAPPING(else-quarantine),https://aspe.hhs.gov/health/reports/2014/MarketPlaceEnrollment/Jan2014/ib_2014jan_enrollment.pdf
defense.gov,19,Political:19,Government:29 Political:17,GOV-NEEDS-MAPPING(else-quarantine),http://www.defense.gov/pubs/October_1230_Report_Master_Nov7.pdf
army.mil,19,Government:19,Government:61,GOV-NEEDS-MAPPING(else-quarantine),https://www.army.mil/article-amp/283111/fort_liberty_is_renamed_fort_bragg_effective_immediately
energy.gov,19,Political:18 Government:1,Government:28 Political:28,GOV-NEEDS-MAPPING(else-quarantine);MULTI-TIER(path-split-or-flap),http://www.energy.gov/news/3150.htm
irs.gov,19,Political:17 Government:2,Government:28 Political:28,PROTECTED-T1-CANDIDATE;MULTI-TIER(path-split-or-flap),https://www.irs.gov/irb/2006-06_IRB
thehill.com,19,Other:19,Other:41,,https://thehill.com/blogs/defcon-hill/policy-strategy/196765-obama-highlights-veterans-struggle-sacrifice-in-state-of/
dol.gov,18,Political:15 Government:3,Political:39 Government:28,GOV-NEEDS-MAPPING(else-quarantine);MULTI-TIER(path-split-or-flap),https://www.dol.gov/agencies/ebsa/employers-and-advisers/guidance/technical-releases/97-02
abcnews.com,18,Other:18,Other:26,,https://abcnews.com/Business/mortgage-rates-lowest-level-2024/story?id=128844231
theguardian.com,18,Other:18,Other:22,,https://www.theguardian.com/business/2021/oct/08/oecd-deal-imposes-global-minimum-corporate-tax-of-15
latimes.com,17,Other:17,Other:50,,https://www.latimes.com/archives/la-xpm-1997-05-10-mn-57382-story.html
war.gov,17,Political:17,Government:34,GOV-NEEDS-MAPPING(else-quarantine),https://www.war.gov/Multimedia/Photos/igphoto/2001116874/
nces.ed.gov,17,Government:17,Government:61,GOV-NEEDS-MAPPING(else-quarantine),https://nces.ed.gov/ccd/tables/acgr_2010-11_to_2012-13.asp
archive.cdc.gov,16,Government:16,Government:46,PROTECTED-T1-CANDIDATE,https://archive.cdc.gov/www_cdc_gov/coronavirus/2019-ncov/covid-data/covidview/index.html
reddit.com,16,Other:16,Other:17,,https://www.reddit.com/r/28dayslater/comments/1pltmr5/what_is_the_timeline_exactly/
federalregister.gov,15,Government:15,Government:33,GOV-NEEDS-MAPPING(else-quarantine),https://www.federalregister.gov/documents/2005/08/03/05-15271/presidents-malaria-initiative
en.wikipedia.org,15,Other:15,Other:27,,https://en.wikipedia.org/wiki/2014_State_of_the_Union_Address
pubmed.ncbi.nlm.nih.gov,14,Government:14,Government:40,GOV-NEEDS-MAPPING(else-quarantine),https://pubmed.ncbi.nlm.nih.gov/30271626/
cbpp.org,14,Other:14,Other:34,,https://www.cbpp.org/blog/cbo-senate-immigration-bill-would-reduce-deficits-boost-economy
federalreserve.gov,14,Government:14,Government:36,GOV-NEEDS-MAPPING(else-quarantine),https://www.federalreserve.gov/Releases/Z1/20260109/html/recent_developments.htm
ed.gov,14,Political:11 Government:3,Political:20 Government:17,GOV-NEEDS-MAPPING(else-quarantine);MULTI-TIER(path-split-or-flap),http://www.ed.gov/about/news/press-release/us-department-of-education-finds-california-department-of-education-violated-
pmc.ncbi.nlm.nih.gov,13,Government:13,Government:25,GOV-NEEDS-MAPPING(else-quarantine),https://pmc.ncbi.nlm.nih.gov/articles/PMC10973901/
supremecourt.gov,13,Government:13,Government:31,PROTECTED-T1-CANDIDATE,https://www.supremecourt.gov/DocketPDF/21/21-588/197070/20211021115410295_United%20States%20v%20Texas%20Response%20to%20
news.va.gov,13,Political:13,Government:24 Political:8,GOV-NEEDS-MAPPING(else-quarantine),https://news.va.gov/100009/disability-compensation-available-for-veterans-exposed-to-hazardous-materials/
fraser.stlouisfed.org,13,Government:13,Government:54 Other:2,,https://fraser.stlouisfed.org/files/docs/publications/bls/reports/womensearnings_2012.pdf
newsweek.com,13,Other:13,Other:16,,https://www.newsweek.com/biden-warning-crime-wave-diverts-covid-funds-police-snub-progressives-1603593
census.gov,12,Government:9 Established:3,Government:23 Established:16,PROTECTED-T1-CANDIDATE;MULTI-TIER(path-split-or-flap),https://www.census.gov/Press-Release/www/releases/archives/facts_for_features_special_editions/006105.html
2001-2009.state.gov,12,Political:11 Government:1,Political:33 Government:3,GOV-NEEDS-MAPPING(else-quarantine);MULTI-TIER(path-split-or-flap),https://2001-2009.state.gov/documents/organization/43885.pdf
2009-2017.state.gov,12,Political:10 Government:2,Political:39 Government:11,GOV-NEEDS-MAPPING(else-quarantine);MULTI-TIER(path-split-or-flap),https://2009-2017.state.gov/documents/organization/210204.pdf
military.com,12,Other:12,Other:21 Government:4,,https://www.military.com/daily-news/2014/01/29/obama-recognizes-army-ranger-in-state-of-union.html
2021-2025.state.gov,11,Political:11,Government:17 Political:2,GOV-NEEDS-MAPPING(else-quarantine),https://2021-2025.state.gov/additional-military-assistance-for-ukraine/
api.politifact.com,11,FactCheck:11,FactCheck:12,,https://api.politifact.com/article/2022/nov/01/joe-biden-and-manufacturing-jobs-closer-look/
media.defense.gov,10,Political:10,Government:17 Political:3,GOV-NEEDS-MAPPING(else-quarantine),https://media.defense.gov/2017/Apr/18/2001734042/-1/-1/1/MOOREFIELDTESTIMONY04102013.PDF
axios.com,10,Other:10,Other:12,,https://axios.com/violence-against-women-act-house-b1f1cf7d-e4fe-4b6a-8f40-9da4a14fcc61.html
ustr.gov,10,Government:5 Political:5,Political:17 Government:16,GOV-NEEDS-MAPPING(else-quarantine);MULTI-TIER(path-split-or-flap),https://ustr.gov/SBA-Launch-New-Effort-Help-US-Small-Businesses-Export-EU
youtube.com,10,Other:10,Other:11,,https://www.youtube.com/shorts/Hev6QifvMbM
appropriations.house.gov,10,Political:10,Government:15,GOV-NEEDS-MAPPING(else-quarantine),http://appropriations.house.gov/news/press-releases/building-president-trumps-vision-fy26-funding-strengthens-america
factually.co,10,Other:10,Other:11,,https://factually.co/fact-checks/finance/states-highest-pump-prices-2022-reasons-ca83e8
edition.cnn.com,9,Other:9,Other:15,,http://edition.cnn.com/WORLD/9707/08/nato/index.html
senate.gov,9,Government:9,Government:22,PROTECTED-T1-CANDIDATE,https://www.senate.gov/legislative/LIS/floor_activity/02_04_2025_Senate_Floor.htm
jct.gov,9,Political:6 Government:3,Government:14 Political:14,GOV-NEEDS-MAPPING(else-quarantine);MULTI-TIER(path-split-or-flap),https://www.jct.gov/CMSPages/GetFile.aspx?guid=7bf3feb5-853e-46d0-8bcc-f93987c28bfe
oecd.org,9,Other:9,Other:25,,https://www.oecd.org/content/dam/oecd/en/publications/reports/1997/11/oecd-economic-surveys-united-states-1997_g1ghg4dc/
epa.gov,9,Political:9,Political:33,GOV-NEEDS-MAPPING(else-quarantine),https://www.epa.gov/archive/epapages/newsroom_archive/newsreleases/13f44fb4e2c2d39d85257a68005d0154.html
usnews.com,9,Other:9,Other:18,,https://www.usnews.com/news/articles/2014/01/31/obama-meets-with-top-ceos-to-encourage-hiring
foxbusiness.com,9,Other:9,Other:12,,https://www.foxbusiness.com/economy/heres-how-much-trump-account-balances-could-grow-over-time
forbes.com,8,Other:8,Other:12,,https://www.forbes.com/sites/jimhenry/2021/09/26/computer-chip-shortage-could-drag-through-2022-prolonging-high-prices/
ofac.treasury.gov,8,Government:8,Government:22,PROTECTED-T1-CANDIDATE,https://ofac.treasury.gov/faqs/966
hhs.gov,8,Political:7 Government:1,Government:14 Political:7,GOV-NEEDS-MAPPING(else-quarantine);MULTI-TIER(path-split-or-flap),https://www.hhs.gov/about/news/2022/03/08/fact-sheet-biden-administration-launches-nationwide-test-treat-initiative-ensu
sba.gov,8,Political:6 Government:2,Political:15 Government:7,GOV-NEEDS-MAPPING(else-quarantine);MULTI-TIER(path-split-or-flap),https://www.sba.gov/document/report-21-06-management-alert-paycheck-protection-program-loan-recipients-department-treasu
nber.org,8,Other:8,Other:20,,https://www.nber.org/digest/202104/how-patients-fare-when-private-equity-funds-acquire-nursing-homes
stripes.com,8,Other:8,Other:20,,https://www.stripes.com/branches/air_force/2025-07-01/air-space-force-recruiting-18305262.html
1997-2001.state.gov,8,Political:8,Political:30,GOV-NEEDS-MAPPING(else-quarantine),https://1997-2001.state.gov/briefings/statements/1998/ps980130.html
brookings.edu,8,Other:8,Other:11,,https://www.brookings.edu/articles/addressing-the-other-covid-crisis-corruption/
fortune.com,8,Other:8,Other:11,,https://fortune.com/2021/11/01/used-car-prices-high-carmax-2021/
ndtv.com,8,Other:8,Other:11,,https://www.ndtv.com/india-news/2024-military-strength-ranking-us-tops-bhutan-at-the-bottom-india-at-4874704
yahoo.com,8,Other:8,Other:10,,https://www.yahoo.com/news/articles/delilah-law-step-toward-core-120400919.html
businessinsider.com,8,Other:8,Other:10,,https://www.businessinsider.com/covid-rapid-test-packet-avoid-false-result-fda-2022-3
abc7ny.com,7,Other:7,Other:11,,https://abc7ny.com/live-updates/state-union-2026-live-updates-president-donald-trump-address/18639619/entry/18646661/
millercenter.org,7,Other:7,Other:58,,https://millercenter.org/president/biden/life-before-the-presidency
files.gao.gov,7,Government:7,Government:21,GOV-NEEDS-MAPPING(else-quarantine),https://files.gao.gov/reports/105291/index.html
jec.senate.gov,7,Political:7,Government:8 Political:5,PROTECTED-T1-CANDIDATE,https://www.jec.senate.gov/public/_cache/files/cd94ad1b-d53d-4f37-aeed-f2469518fd26/infrastructure-and-the-economy---fin
weforum.org,7,Other:7,Other:10,,https://www.weforum.org/press/2020/12/few-economies-are-ready-for-long-term-prosperity-through-improved-public-services-
commerce.gov,7,Political:6 Government:1,Government:8 Political:7,GOV-NEEDS-MAPPING(else-quarantine);MULTI-TIER(path-split-or-flap),https://www.commerce.gov/data-and-reports/reports/2014/05/winning-business-investment-united-states
kff.org,7,Other:7,Other:14,,https://www.kff.org/affordable-care-act/how-the-american-rescue-plan-act-affects-subsidies-for-marketplace-shoppers-and-
who.int,7,Government:5 Political:2,Government:11 Other:2,GOV-NEEDS-MAPPING(else-quarantine);MULTI-TIER(path-split-or-flap),https://www.who.int/activities/tracking-SARS-CoV-2-variants
fiscal.treasury.gov,7,Government:6 Political:1,Government:14 Political:1,PROTECTED-T1-CANDIDATE;MULTI-TIER(path-split-or-flap),https://fiscal.treasury.gov/accounting/us-financial-report/2022/where-we-are-now
ncbi.nlm.nih.gov,7,Government:7,Government:16,GOV-NEEDS-MAPPING(else-quarantine),https://www.ncbi.nlm.nih.gov/books/NBK201136/
bjs.ojp.gov,7,Government:7,Government:20,GOV-NEEDS-MAPPING(else-quarantine),https://bjs.ojp.gov/content/pub/pdf/cv04.pdf
edweek.org,7,Other:7,Other:24,,https://www.edweek.org/leadership/michigan-texas-and-s-c-give-biggest-boosts-to-pre-k-spending-ecs-reports/2014/01
ers.usda.gov,7,Government:7,Government:21,GOV-NEEDS-MAPPING(else-quarantine),http://www.ers.usda.gov/data-products/charts-of-note/chart-detail?chartId=112677
waysandmeans.house.gov,7,Political:7,Government:14,GOV-NEEDS-MAPPING(else-quarantine),https://waysandmeans.house.gov/2022/10/18/analysis-average-american-has-lost-34k-to-biden-flation/
americanprogress.org,7,Other:7,Other:10,,https://www.americanprogress.org/article/5-ways-the-obama-administration-revived-the-auto-industry-by-reducing-oil-use/
epi.org,7,Other:7,Other:22,,https://www.epi.org/blog/private-sector-pension-coverage-decline/
dw.com,7,Other:7,Other:12,,https://www.dw.com/en/fact-check-do-vladimir-putins-justifications-for-going-to-war-against-ukraine-add-up/a-60917168
issa.house.gov,7,Political:7,Government:23,GOV-NEEDS-MAPPING(else-quarantine),http://issa.house.gov/issues/royce-williams
time.com,7,Other:7,Other:17,,https://time.com/4858683/fact-checking-history/
finance.yahoo.com,7,Other:7,Other:7,,https://finance.yahoo.com/economy/articles/rfk-jr-visibly-shaken-getting-152709077.html
grokipedia.com,7,Other:7,Other:10,,https://grokipedia.com/page/Air_assault
finance.senate.gov,6,Political:6,Government:12 Political:4,PROTECTED-T1-CANDIDATE,https://www.finance.senate.gov/chairmans-news/grassley-wyden-release-insulin-investigation-uncovering-business-practices
press.un.org,6,Other:6,Other:17,,https://press.un.org/en/1997/19970829.sgsm6307.html
bloomberg.com,6,Other:6,Other:18,,https://www.bloomberg.com/graphics/2025-trump-investment-boom-trillions/
clerk.house.gov,6,Government:6,Government:12,PROTECTED-T1-CANDIDATE,https://clerk.house.gov/Votes/202149?BillNum=1319
crfb.org,6,Other:6,Other:12,,https://www.crfb.org/blogs/cbo-estimates-senate-immigration-bill
nature.com,6,Other:6,Other:13,,https://www.nature.com/articles/384458a0
va.gov,6,Political:6,Government:8 Political:1,GOV-NEEDS-MAPPING(else-quarantine),https://va.gov/opa/pressrel/pressrelease.cfm?id=5709
csmonitor.com,6,Other:6,Other:23,,https://www.csmonitor.com/1997/0109/010997.us.us.2.html
armscontrol.org,6,Other:6,Other:17,,https://www.armscontrol.org/act/1997-04/press-releases/senate-gives-advice-and-consent-us-becomes-original-cwc-party
law.justia.com,6,Other:6,Other:13,,https://law.justia.com/cases/federal/appellate-courts/ca4/24-1682/24-1682-2025-08-07.html
nbcnewyork.com,6,Other:6,Other:9,,https://www.nbcnewyork.com/news/local/biden-references-slain-nypd-officers-rivera-and-mora-in-state-of-the-union-address
fbi.gov,6,Political:6,Government:11 Political:3,PROTECTED-T1-CANDIDATE,https://www.fbi.gov/contact-us/field-offices/saltlakecity/news/reward-of-up-to-100000-for-information-leading-to-the-ide
pewresearch.org,6,Other:6,Other:17,,https://www.pewresearch.org/religion/2025/02/26/decline-of-christianity-in-the-us-has-slowed-may-have-leveled-off/
iaea.org,6,Other:6,Other:24,,https://www.iaea.org/newscenter/pressreleases/update-on-developments-in-iran
mpdc.dc.gov,6,Political:6,Government:16,GOV-NEEDS-MAPPING(else-quarantine),https://mpdc.dc.gov/dailycrime
news.uscg.mil,6,Political:6,Government:15,GOV-NEEDS-MAPPING(else-quarantine),https://www.news.uscg.mil/Press-Releases/Article/4235507/coast-guard-responds-with-unified-command-to-flooding-near-kerr
csis.org,6,Other:6,Other:14,,https://www.csis.org/analysis/afghan-and-iraqi-metrics-and-ied-threat
dailymail.co.uk,6,Other:6,Other:7,,https://www.dailymail.co.uk/health/article-10461007/amp/US-tops-100-000-diabetes-deaths-second-consecutive-year-2021.htm
politico.com,6,Other:6,Other:6,,https://www.politico.com/news/2022/01/14/biden-free-at-home-covid-tests-527131
x.com,6,Other:6,Other:6,,https://x.com/CBSNews/status/2026494862204227740
statista.com,6,Other:6,Other:7,,https://www.statista.com/chart/36066/modes-of-voting-in-the-us/
rand.org,5,Other:5,Other:12,,https://www.rand.org/news/press/2020/10/06.html
nyc.gov,5,Political:5,Government:9 Political:2,GOV-NEEDS-MAPPING(else-quarantine),https://www.nyc.gov/assets/nypd/downloads/pdf/fallen-heroes/0121-mn-det-rivera.pdf
rferl.org,5,Other:5,Other:11,,https://www.rferl.org/a/1057110.html
rollcall.com,5,Other:5,Other:9,,https://rollcall.com/2022/02/28/new-sanctions-cut-russia-off-from-its-foreign-currency-reserves/
transportation.gov,5,Political:5,Government:9,GOV-NEEDS-MAPPING(else-quarantine),https://www.transportation.gov/briefing-room/dot-announces-historic-bridge-investment-under-bipartisan-infrastructure-la
comptroller.defense.gov,5,Political:5,Political:10 Government:6,GOV-NEEDS-MAPPING(else-quarantine),https://comptroller.defense.gov/Portals/45/Documents/defbudget/Docs/FY06_GWOT_Supplemental_Request_-_FINAL.pdf
aol.com,5,Other:5,Other:12,,https://www.aol.com/2013/12/05/fracking-fueled-this-100-billion-revival-in-americ/
pfizer.com,5,Other:5,Other:13,,https://www.pfizer.com/news/press-release/press-release-detail/pfizer-announces-additional-phase-23-study-results
brennancenter.org,5,Other:5,Other:8,,https://www.brennancenter.org/our-work/analysis-opinion/5-egregious-voter-suppression-laws-2021
ucr.fbi.gov,5,Political:5,Political:15 Government:2,PROTECTED-T1-CANDIDATE,https://ucr.fbi.gov/crime-in-the-u.s
govinfo.library.unt.edu,5,Other:5,Other:15,,https://govinfo.library.unt.edu/911/report/911Report_Exec.pdf
ssa.gov,5,Political:5,Political:16,GOV-NEEDS-MAPPING(else-quarantine),https://www.ssa.gov/OACT/TR/TR05/tr05.pdf
digitallibrary.un.org,5,Other:5,Other:14,,https://digitallibrary.un.org/record/233012/files/S_1997_301-EN.pdf
nepis.epa.gov,5,Political:5,Political:18,GOV-NEEDS-MAPPING(else-quarantine),https://nepis.epa.gov/Exe/ZyPDF.cgi/P100EZ7C.PDF?Dockey=P100EZ7C.pdf
unfccc.int,5,Government:5,Government:16,GOV-NEEDS-MAPPING(else-quarantine),https://unfccc.int/cop3/fccc/info/indust.htm
9-11commission.gov,5,Government:4 Political:1,Government:18 Political:3,GOV-NEEDS-MAPPING(else-quarantine);MULTI-TIER(path-split-or-flap),https://9-11commission.gov/report/
sec.gov,5,Government:5,Government:14,GOV-NEEDS-MAPPING(else-quarantine),https://www.sec.gov/Archives/edgar/data/0909832/000090983213000007/costdefproxy2013.htm
militarytimes.com,5,Other:5,Other:27 Government:2,,https://www.militarytimes.com/news/pentagon-congress/2026/02/25/army-helicopter-pilot-wounded-during-maduro-raid-receive
mymarketnews.ams.usda.gov,5,Government:5,Government:10,GOV-NEEDS-MAPPING(else-quarantine),https://mymarketnews.ams.usda.gov/filerepo/sites/default/files/2452/2026-02-02/1301589/ams_2452_01512.pdf
wv.ng.mil,5,Political:5,Government:13,GOV-NEEDS-MAPPING(else-quarantine),https://www.wv.ng.mil/News/Article/4024653/wva-guard-highlights-2024-accomplishments/
cfr.org,5,Other:5,Other:7,,https://www.cfr.org/article/how-world-can-influence-putins-fateful-choices-ukraine
homeland.house.gov,5,Political:5,Government:7,GOV-NEEDS-MAPPING(else-quarantine),https://homeland.house.gov/2024/09/27/chairman-green-on-new-shocking-numbers-of-criminal-illegal-aliens-roaming-free-in-
thecentersquare.com,5,Other:5,Other:6,,https://www.thecentersquare.com/national/article_32394bd4-9138-11ef-a692-679a5d81cbde.html
timesofindia.indiatimes.com,5,Other:5,Other:6,,https://timesofindia.indiatimes.com/etimes/trending/have-egg-prices-gone-down-fact-checking-trumps-59-price-drop-claim/a
theverge.com,5,Other:5,Other:5,,https://www.theverge.com/2021/11/1/22756934/g20-oecd-15-percent-global-corporate-tax-rate-havens-evasion-tech-giants
hrw.org,4,Other:4,Other:8,,https://www.hrw.org/news/2022/02/26/russia-arbitrary-detentions-anti-war-protesters
highways.dot.gov,4,Political:4,Government:7,GOV-NEEDS-MAPPING(else-quarantine),https://highways.dot.gov/infrastructure-investment-and-jobs-act
brown.senate.gov,4,Political:4,Government:7,PROTECTED-T1-CANDIDATE,https://www.brown.senate.gov/issues/manufacturing
help.senate.gov,4,Political:4,Political:12 Government:2,PROTECTED-T1-CANDIDATE,https://www.help.senate.gov/dem/newsroom/press/after-american-rescue-plan-brought-down-costs-washington-state-and-nation
itep.org,4,Other:4,Other:5,,https://itep.org/55-corporations-exploit-old-and-new-loopholes-to-pay-0-in-federal-taxes-in-2020/
trumpwhitehouse.archives.gov,4,Political:4,Government:5,WHITEHOUSE-MIRROR,https://trumpwhitehouse.archives.gov/about-the-white-house/presidents/thomas-jefferson/
fiscaldata.treasury.gov,4,Political:4,Government:7 Political:2,PROTECTED-T1-CANDIDATE,https://fiscaldata.treasury.gov/americas-finance-guide/national-deficit/
usitc.gov,4,Government:4,Government:12,GOV-NEEDS-MAPPING(else-quarantine),https://www.usitc.gov/publications/332/executive_briefings/ebot_greg_larocca_freight_costs_weighing_covid_pdf.pdf
medpac.gov,4,Political:3 Government:1,Government:8,GOV-NEEDS-MAPPING(else-quarantine);MULTI-TIER(path-split-or-flap),https://www.medpac.gov/document/march-2024-report-to-the-congress-medicare-payment-policy/
covid.cdc.gov,4,Government:4,Government:5,PROTECTED-T1-CANDIDATE,https://covid.cdc.gov/covid-data-tracker/#current-hospitalizations
judiciary.senate.gov,4,Political:4,Government:5 Political:3,PROTECTED-T1-CANDIDATE,https://www.judiciary.senate.gov/committee-activity/hearings/the-medical-liability-crisis-and-its-impact-on-patient-care
guttmacher.org,4,Other:4,Other:10,,https://www.guttmacher.org/article/2021/10/first-time-ever-us-states-enacted-more-100-abortion-restrictions-single-year
govtrack.us,4,Other:4,Other:8,,https://www.govtrack.us/congress/bills/104/hr3103/text
public-inspection.federalregister.gov,4,Government:4,Government:10,GOV-NEEDS-MAPPING(else-quarantine),https://public-inspection.federalregister.gov/2013-04335.pdf
geauxguard.la.gov,4,Political:4,Government:8,GOV-NEEDS-MAPPING(else-quarantine),https://geauxguard.la.gov/2021/02/10/president-biden-inauguration-support-memo/
darpa.mil,4,Government:4,Government:7,GOV-NEEDS-MAPPING(else-quarantine),https://www.darpa.mil/about
acf.gov,4,Political:4,Political:12,GOV-NEEDS-MAPPING(else-quarantine),https://acf.gov/archive/blog/2013/07/president-obamas-early-learning-initiative
medicaid.gov,4,Political:4,Political:12,GOV-NEEDS-MAPPING(else-quarantine),https://www.medicaid.gov/federal-policy-guidance/downloads/SMD082797.pdf
www2.census.gov,4,Government:4,Government:21,PROTECTED-T1-CANDIDATE,https://www2.census.gov/library/publications/1997/demo/p60-199.pdf
files.eric.ed.gov,4,Political:4,Political:16,GOV-NEEDS-MAPPING(else-quarantine),https://files.eric.ed.gov/fulltext/ED412319.pdf
catalog.data.gov,4,Government:4,Government:9,GOV-NEEDS-MAPPING(else-quarantine),http://catalog.data.gov/dataset/crime-incidents-in-2025
archives.gov,4,Government:4,Government:7,GOV-NEEDS-MAPPING(else-quarantine),https://www.archives.gov/exhibits/eyewitness/html.php?section=6
loc.gov,4,Government:4,Government:6,GOV-NEEDS-MAPPING(else-quarantine),https://www.loc.gov/collections/thomas-jefferson-papers/articles-and-essays/the-thomas-jefferson-papers-timeline-1743-to
dvidshub.net,4,Other:4,Other:12,,https://www.dvidshub.net/news/506805/first-ladys-guests-include-soldier-recovering-bomb-blast
usda.gov,4,Political:3 Government:1,Political:8 Government:6,GOV-NEEDS-MAPPING(else-quarantine);MULTI-TIER(path-split-or-flap),https://www.usda.gov/about-usda/news/press-releases/2013/12/20/fact-sheet-growing-markets-around-world-americas-agricult
prnewswire.com,4,Other:4,Other:19,,https://www.prnewswire.com/news-releases/at-kearney-fdi-confidence-index-shows-the-us-surging-to-top-destination-for-exp
2010-2014.commerce.gov,4,Political:4,Political:19,GOV-NEEDS-MAPPING(else-quarantine),https://2010-2014.commerce.gov/blog/2012/02/24/census-bureau-releases-national-level-data-education-levels-bachelors-deg
eac.gov,4,Political:4,Political:12 Government:2,GOV-NEEDS-MAPPING(else-quarantine),https://www.eac.gov/news/2013/05/21/presidential-commission-election-administration-launched
washingtonexaminer.com,4,Other:4,Other:8,,https://www.washingtonexaminer.com/news/2786532/mother-of-trafficked-virginia-girl-sues-school-district-over-secret-gend
wral.com,4,Other:4,Other:9,,https://www.wral.com/news/local/fact-check-trump-us-18-trillion-investments-dec-2025/
washingtontimes.com,4,Other:4,Other:6,,https://www.washingtontimes.com/news/2025/nov/10/west-virginia-national-guard-deployment-nations-capital-continue/
appropriations.senate.gov,4,Political:4,Government:7,PROTECTED-T1-CANDIDATE,https://appropriations.senate.gov/news/majority/congress-approves-fy-2026-defense-appropriations-bill
breakingdefense.com,4,Other:4,Other:6,,https://breakingdefense.com/2025/03/gop-stopgap-funding-bill-boosts-defense-funding-over-fy24-levels/
counciloncj.org,4,Other:4,Other:8,,https://counciloncj.org/crime-in-washington-dc-what-you-need-to-know/
cato.org,4,Other:4,Other:8,,https://www.cato.org/blog/there-are-not-13099-illegal-immigrant-murders-roaming-free-american-streets
budget.house.gov,4,Political:4,Government:7,GOV-NEEDS-MAPPING(else-quarantine),https://budget.house.gov/assessing-bidenflations-impact-on-families
fmcsa.dot.gov,4,Political:3 Government:1,Government:8,GOV-NEEDS-MAPPING(else-quarantine);MULTI-TIER(path-split-or-flap),https://www.fmcsa.dot.gov/newsroom/fact-sheet-protecting-americas-road-restoring-integrity-non-domiciled-cdls
newsnationnow.com,4,Other:4,Other:6,,https://www.newsnationnow.com/business/your-money/stock-market-all-time-highs/
timesofisrael.com,4,Other:4,Other:5,,https://www.timesofisrael.com/full-text-of-oct-9-israel-hamas-deal-on-trumps-plan-for-comprehensive-end-to-gaza-war/
iranintl.com,4,Other:4,Other:9,,https://www.iranintl.com/en/202412132588
thebalancemoney.com,4,Other:4,Other:7,,https://www.thebalancemoney.com/cost-of-trump-tax-cuts-4586645
healthline.com,4,Other:4,Other:4,,https://www.healthline.com/health-news/how-covid-19-has-affected-the-mental-health-of-teens
the-independent.com,4,Other:4,Other:5,,https://www.the-independent.com/news/world/americas/crime/andrew-wolfe-sarah-beckstrom-washington-dc-shooting-b2874232.h
kcra.com,4,Other:4,Other:6,,https://www.kcra.com/article/big-beautiful-bill-tax-cuts-vote/65291875
liberty.edu,4,Other:4,Other:5,,https://www.liberty.edu/alumni/legacy-scholarship/
economictimes.indiatimes.com,4,Other:4,Other:4,,https://economictimes.indiatimes.com/news/new-updates/shehbaz-sharif-begged-trump-to-stop-indias-attack-on-pakistan-us-p
atlanticcouncil.org,4,Other:4,Other:7,,https://www.atlanticcouncil.org/blogs/iransource/soleimani-assassination-failed-to-re-establish-deterrence-against-iran/
vox.com,4,Other:4,Other:4,,https://www.vox.com/22770447/infrastructure-bill-democrats-biden-water-broadband-roads-buses
natlawreview.com,4,Other:4,Other:4,,https://natlawreview.com/article/american-rescue-plan-act-2021-employment-law-update
freightwaves.com,4,Other:4,Other:4,,https://www.freightwaves.com/news/container-lines-set-to-topple-quarterly-profit-records-again
governor.ny.gov,3,Political:3,Government:6,GOV-NEEDS-MAPPING(else-quarantine),https://www.governor.ny.gov/news/affording-american-dream-governor-hochul-proposes-new-initiatives-make-homeownership-mo
usaid.gov,3,Political:3,Government:5,GOV-NEEDS-MAPPING(else-quarantine),https://usaid.gov/news-information/press-releases/feb-25-2022-russias-unprovoked-and-unjustified-attack-ukrainejustified
crsreports.congress.gov,3,Government:3,Government:5,GOV-NEEDS-MAPPING(else-quarantine),https://crsreports.congress.gov/product/pdf/IF/IF12040
iea.org,3,Other:3,Other:10,,https://www.iea.org/news/iea-confirms-individual-contributions-to-collective-action-to-release-oil-stocks-in-response-to
urban.org,3,Other:3,Other:6,,https://www.urban.org/research/publication/2021-poverty-projections-assessing-four-american-rescue-plan-policies
rosap.ntl.bts.gov,3,Political:3,Government:4 Political:3,GOV-NEEDS-MAPPING(else-quarantine),https://rosap.ntl.bts.gov/view/dot/59268/dot_59268_DS1.pdf
uschamber.com,3,Other:3,Other:6,,https://www.uschamber.com/immigration/alliance-for-a-new-immigration-consensus-announcement-letter-to-congress
amp.cnn.com,3,Other:3,Other:4,,https://amp.cnn.com/cnn/2022/02/27/politics/biden-infrastructure-law
michigan.gov,3,Political:3,Political:8 Government:5,GOV-NEEDS-MAPPING(else-quarantine),https://www.michigan.gov/formergovernors/recent/snyder/press-releases/2012/08/22/snyder-celebrates-grand-opening-of-detr
libertystreeteconomics.newyorkfed.org,3,Other:3,Other:5,,https://libertystreeteconomics.newyorkfed.org/2022/01/a-new-barometer-of-global-supply-chain-pressures/
imf.org,3,Other:3,Other:8,,https://www.imf.org/en/publications/wp/issues/2020/12/18/supply-spillovers-during-the-pandemic-evidence-from-high-freque
medscape.com,3,Other:3,Other:6,,https://www.medscape.com/s/viewarticle/960693
stlouisfed.org,3,Government:3,Government:6 Other:1,,https://www.stlouisfed.org/on-the-economy/2025/feb/unauthorized-immigration-flows-before-after-covid19
fda.gov,3,Political:3,Government:6,GOV-NEEDS-MAPPING(else-quarantine),https://www.fda.gov/media/155049/download
capitol.texas.gov,3,Political:2 Government:1,Government:6,GOV-NEEDS-MAPPING(else-quarantine);MULTI-TIER(path-split-or-flap),https://capitol.texas.gov/BillLookup/BillSummary.aspx?Bill=SB8&LegSess=87R
nwlc.org,3,Other:3,Other:7,,https://nwlc.org/resource/low-wage-jobs-are-womens-jobs-the-overrepresentation-of-women-in-low-wage-work/
publichealth.va.gov,3,Political:3,Government:9,GOV-NEEDS-MAPPING(else-quarantine),https://www.publichealth.va.gov/docs/exposures/va-ahobp-registry-data-report-feb2022.pdf
cancer.org,3,Other:3,Other:4,,https://cancer.org/latest-news/facts-and-figures-2021.html
teachingamericanhistory.org,3,Other:3,Other:10,,https://teachingamericanhistory.org/document/roe-v-wade-3/
meps.ahrq.gov,3,Government:3,Government:9,GOV-NEEDS-MAPPING(else-quarantine),https://meps.ahrq.gov/data_files/publications/hl1/hl1.pdf
upi.com,3,Other:3,Other:8,,https://www.upi.com/Archives/1996/07/06/Clinton-issues-new-rules-for-safer-meat-poultry/2933836625600/
opm.gov,3,Political:2 Government:1,Government:4 Political:3,GOV-NEEDS-MAPPING(else-quarantine);MULTI-TIER(path-split-or-flap),https://www.opm.gov/about-us/open-government/reference-materials/contingency-plan-for-the-suspension-of-operations-in-th
ojp.gov,3,Political:2 Government:1,Political:6 Government:3,GOV-NEEDS-MAPPING(else-quarantine);MULTI-TIER(path-split-or-flap),https://www.ojp.gov/ncjrs/virtual-library/abstracts/national-survey-results-drug-use-monitoring-future-study-1975-6
heritage.org,3,Other:3,Other:7,,https://www.heritage.org/budget-and-spending/report/state-the-union-2006-the-presidents-call-spending-restraint
un.org,3,Other:3,Other:7,,https://www.un.org/Depts/unscom/sres97-774.htm
archive.epa.gov,3,Political:3,Political:11,GOV-NEEDS-MAPPING(else-quarantine),https://archive.epa.gov/epa/cleanpowerplan/2013-proposed-carbon-pollution-standard-new-power-plants.html
reginfo.gov,3,Political:3,Government:4 Political:3,GOV-NEEDS-MAPPING(else-quarantine),https://www.reginfo.gov/public/do/eAgendaViewRule?RIN=0583-AB69&pubId=199610
genome.gov,3,Political:3,Political:9,GOV-NEEDS-MAPPING(else-quarantine),https://www.genome.gov/10000485/1996-release-parkinsons-disease-gene
www3.nasa.gov,3,Government:3,Government:9,GOV-NEEDS-MAPPING(else-quarantine),https://www3.nasa.gov/audience/formedia/archives/MP_Archive_98.html
esa.int,3,Government:3,Government:9,GOV-NEEDS-MAPPING(else-quarantine),https://www.esa.int/ESA_Multimedia/Images/1998/01/ESA_DG_addresses_IGA_participants_January_1998
monticello.org,3,Other:3,Other:3,,https://www.monticello.org/encyclopedia/jeffersons-last-words/
jamanetwork.com,3,Other:3,Other:8,,https://jamanetwork.com/journals/jama/fullarticle/1105117
nist.gov,3,Government:3,Government:17,GOV-NEEDS-MAPPING(else-quarantine),https://www.nist.gov/news-events/news/2012/08/national-additive-manufacturing-innovation-institute-announced
greentechmedia.com,3,Other:3,Other:13,,http://www.greentechmedia.com/articles/read/america-installs-a-solar-system-every-four-minutes
fsapartners.ed.gov,3,Political:3,Political:11,GOV-NEEDS-MAPPING(else-quarantine),https://fsapartners.ed.gov/knowledge-center/library/electronic-announcements/2013-01-10/loans-subject-loan-servicing-inf
startribune.com,3,Other:3,Other:17,,http://www.startribune.com/punch-pizza-co-owner-worker-to-attend-state-of-union/242429521/
healthaffairs.org,3,Other:3,Other:7,,https://www.healthaffairs.org/do/10.1377/forefront.20210311.725837/full/
spectrumlocalnews.com,3,Other:3,Other:5,,https://spectrumlocalnews.com/tx/south-texas-el-paso/news/2026/02/25/trump-recognizes-texas-rescue-swimmer-in-state-of-t
wcax.com,3,Other:3,Other:9,,https://www.wcax.com/2022/01/14/biden-administration-launches-program-fix-15000-bridges/
texastribune.org,3,Other:3,Other:4,,https://www.texastribune.org/2022/01/25/covid-tests-n95-masks/
democrats.senate.gov,3,Political:3,Government:8,PROTECTED-T1-CANDIDATE,https://www.democrats.senate.gov/newsroom/press-releases/americans-overwhelmingly-support-the-american-rescue-plan-becau
bipartisanpolicy.org,3,Other:3,Other:6,,https://bipartisanpolicy.org/explainer/how-the-new-auto-loan-interest-deduction-works-from-the-one-big-beautiful-bill/
usafacts.org,3,Other:3,Other:6,,https://usafacts.org/answers/how-much-revenue-does-the-federal-government-collect-from-tariffs/country/united-states/
ice.gov,3,Government:2 Political:1,Government:6,GOV-NEEDS-MAPPING(else-quarantine);MULTI-TIER(path-split-or-flap),https://www.ice.gov/about-ice/hsi/news/hsi-insider/notorious-sinaloa-cartel-leaders-arrested
statnews.com,3,Other:3,Other:4,,https://www.statnews.com/2021/05/03/people-recover-from-addiction-they-also-go-on-to-do-good-things/
migrationpolicy.org,3,Other:3,Other:4,,https://www.migrationpolicy.org/news/fy2024-us-border-encounters-plunge
foxbaltimore.com,3,Other:3,Other:6,,https://foxbaltimore.com/news/local/dc-national-guard-shooting-federal-brief-troops-critically-injured-dead-west-virgini
hud.gov,3,Political:3,Government:6,GOV-NEEDS-MAPPING(else-quarantine),http://www.hud.gov/news/hud-no-25-133
nbcwashington.com,3,Other:3,Other:6,,https://www.nbcwashington.com/news/local/national-guard-sgt-andrew-wolfe-progress-after-dc-attack/4027953/
hindustantimes.com,3,Other:3,Other:5,,https://www.hindustantimes.com/world-news/explained-roe-v-wade-what-is-the-1973-case-that-enshrined-abortion-rights-in-t
jpost.com,3,Other:3,Other:4,,https://www.jpost.com/business-and-innovation/article-695151
dni.gov,3,Government:3,Government:8,GOV-NEEDS-MAPPING(else-quarantine),https://www.dni.gov/files/ODNI/documents/assessments/ATA-2024-Unclassified-Report.pdf
fdd.org,3,Other:3,Other:4,,https://www.fdd.org/analysis/2025/06/19/iranian-and-iranian-backed-attacks-against-americans-1979-present/
defensenews.com,3,Other:3,Other:4,,https://www.defensenews.com/flashpoints/ukraine/2022/02/16/us-nato-consider-bolstering-troop-presence-in-eastern-europe/
navy.mil,3,Government:3,Government:6,GOV-NEEDS-MAPPING(else-quarantine),https://www.navy.mil/DesktopModules/ArticleCS/Print.aspx?Article=4414311&ModuleId=3760&PortalId=1
history.navy.mil,3,Government:3,Government:6,GOV-NEEDS-MAPPING(else-quarantine),https://www.history.navy.mil/about-us/leadership/director/directors-corner/h-grams/h-gram-075/h-075-1.html
2017-2021.state.gov,3,Political:2 Government:1,Government:3,GOV-NEEDS-MAPPING(else-quarantine);MULTI-TIER(path-split-or-flap),https://2017-2021.state.gov/communist-china-and-the-free-worlds-future-2/
dailywire.com,3,Other:3,Other:3,,https://www.dailywire.com/news/fing-pandering-101-full-of-s-border-patrol-agents-react-to-bidens-state-of-the-union-immi
abc7.com,3,Other:3,Other:3,,https://abc7.com/live-updates/state-union-2026-live-updates-president-donald-trump-address/18639619/entry/18646811/
timesnownews.com,3,Other:3,Other:4,,https://www.timesnownews.com/world/us/us-news/sotu-2026-who-is-captain-royce-williams-100-year-old-korean-war-hero-award
investopedia.com,3,Other:3,Other:3,,https://www.investopedia.com/articles/active-trading/111314/top-10-insurance-companies-metrics.asp
abc11.com,3,Other:3,Other:3,,https://abc11.com/live-updates/state-union-2026-live-updates-president-donald-trump-address/18639619/entry/18646911/
money.com,3,Other:3,Other:3,,https://money.com/average-401k-balance-by-generation-2024/
theatlantic.com,3,Other:3,Other:3,,https://www.theatlantic.com/economy/archive/2025/08/stock-market-theories/683780/
firstpost.com,3,Other:3,Other:3,,https://www.firstpost.com/explainers/blasts-near-qasem-soleimanis-grave-who-was-irans-shadow-commander-13573582.html
france24.com,3,Other:3,Other:4,,https://www.france24.com/en/americas/20210727-1-trillion-plan-how-does-the-us-rank-globally-on-infrastructure
reliefweb.int,3,Government:3,Other:3,GOV-NEEDS-MAPPING(else-quarantine),https://reliefweb.int/report/ukraine/ukraine-civilian-casualties-2400-27-february-2022-enruuk
news.sky.com,2,Other:2,Other:3,,https://news.sky.com/story/political-prisoners-are-being-freed-from-a-brutal-jail-in-caracas-its-a-significant-developme
pgpf.org,2,Other:2,Other:3,,https://www.pgpf.org/article/how-does-government-healthcare-spending-differ-from-private-insurance/
history.state.gov,2,Political:2,Government:4 Political:2,GOV-NEEDS-MAPPING(else-quarantine),https://history.state.gov/historicaldocuments/frus1949v04/d144
wsj.com,2,Other:2,Other:4,,https://www.wsj.com/tech/ai/michael-dell-spent-40-years-preparing-for-an-ai-boom-no-one-expected-8cc20c04
cbr.ru,2,Other:2,Other:4,,https://cbr.ru/eng/currency_base/dynamics/?UniDbQuery.From=01.03.2022&UniDbQuery.Posted=True&UniDbQuery.To=31.03.2022&Un
osw.waw.pl,2,Other:2,Other:7,,https://www.osw.waw.pl/en/publikacje/osw-commentary/2014-01-14/nsa-impact-wiretapping-scandal-german-american-relations
taxpolicycenter.org,2,Other:2,Other:5,,https://taxpolicycenter.org/feature/analysis-tax-cuts-and-jobs-act
data.bls.gov,2,Government:2,Government:4,PROTECTED-T1-CANDIDATE,https://data.bls.gov/timeseries/CES3000000001
infrastructurereportcard.org,2,Other:2,Other:4,,https://infrastructurereportcard.org/bipartisan-infrastructure-law-breakdown/
fhwa.dot.gov,2,Political:2,Political:3 Government:2,GOV-NEEDS-MAPPING(else-quarantine),https://www.fhwa.dot.gov/bridge/nbi/no10/condition21.cfm
acquisition.gov,2,Political:2,Government:3 Political:1,GOV-NEEDS-MAPPING(else-quarantine),https://www.acquisition.gov/far/part-25
uscode.house.gov,2,Government:2,Government:7,GOV-NEEDS-MAPPING(else-quarantine),https://uscode.house.gov/view.xhtml?path=%2Fprelim%40title41%2Fsubtitle4%2Fchapter83&edition=prelim
wita.org,2,Other:2,Other:4,,https://www.wita.org/blogs/evolution-of-buy-american-policies/
governor.ohio.gov,2,Political:2,Government:4,GOV-NEEDS-MAPPING(else-quarantine),https://governor.ohio.gov/media/news-and-media/Governor-DeWine-Announces-Monumental-Investment-by-Intel-to-Bring-Their-M
intc.com,2,Other:2,Other:14,,https://www.intc.com/news-events/press-releases/detail/1451/intel-ceo-pat-gelsinger-announces-idm-2-0-strategy
reshorenow.org,2,Other:2,Other:3,,https://reshorenow.org/blog/reshoring-initiative-2021-data-report/
gov.texas.gov,2,Political:2,Government:4,GOV-NEEDS-MAPPING(else-quarantine),https://gov.texas.gov/news/post/governor-abbott-announces-new-17-billion-samsung-manufacturing-facility-in-taylor
castro.house.gov,2,Political:2,Government:4,GOV-NEEDS-MAPPING(else-quarantine),https://castro.house.gov/media-center/press-releases/-congressman-castro-highlights-new-report-showing-texas-as-the-top-
niddk.nih.gov,2,Government:2,Government:4,GOV-NEEDS-MAPPING(else-quarantine),https://www.niddk.nih.gov/health-information/diabetes/overview/what-is-diabetes/type-1-diabetes
govexec.com,2,Other:2,Other:5,,https://www.govexec.com/magazine/1997/02/report-card-on-downsizing/177/
oversightdemocrats.house.gov,2,Political:2,Government:4,GOV-NEEDS-MAPPING(else-quarantine),https://oversightdemocrats.house.gov/news/press-releases/chairs-clyburn-and-krishnamoorthi-seek-information-from-ocean-f
unctad.org,2,Other:2,Other:4,,https://unctad.org/publication/container-shipping-times-covid-19-why-freight-rates-have-surged-and-implications-policy
fmc.gov,2,Political:2,Government:4,GOV-NEEDS-MAPPING(else-quarantine),https://www.fmc.gov/fact-finding-29/
healthcarefinancenews.com,2,Other:2,Other:3,,https://www.healthcarefinancenews.com/news/large-majorities-want-medicare-negotiate-drug-prices-poll-finds
healthdata.gov,2,Government:1 Political:1,Government:4,GOV-NEEDS-MAPPING(else-quarantine);MULTI-TIER(path-split-or-flap),https://healthdata.gov/Hospital/COVID-19-Reported-Patient-Impact-and-Hospital-Capa/g62h-syeh
nejm.org,2,Other:2,Other:6,,https://www.nejm.org/doi/10.1056/NEJMsa1212779
portal.ct.gov,2,Political:2,Political:3 Government:2,GOV-NEEDS-MAPPING(else-quarantine),https://portal.ct.gov/dph/-/media/departments-and-agencies/dph/public-health-preparedness/2019-ncov/covid-19-therapeutic
wwwnc.cdc.gov,2,Government:2,Government:3,PROTECTED-T1-CANDIDATE,https://wwwnc.cdc.gov/eid/article/28/3/21-1561_article
fjc.gov,2,Government:2,Government:4,GOV-NEEDS-MAPPING(else-quarantine),https://www.fjc.gov/history/judges/breyer-stephen-gerald
scotusblog.com,2,Other:2,Other:5,,https://www.scotusblog.com/2022/01/stephen-breyer-pragmatic-liberal-will-retire-at-end-of-term/
supreme.justia.com,2,Other:2,Other:6,,https://supreme.justia.com/cases/federal/us/570/529/
police1.com,2,Other:2,Other:3,,https://www.police1.com/legal/articles/fraternal-order-of-police-is-reassured-by-bidens-scotus-pick-L2TNlqOTYNKptNKK/
ruiz.house.gov,2,Political:2,Government:5,GOV-NEEDS-MAPPING(else-quarantine),http://ruiz.house.gov/media-center/in-the-news/biden-uses-state-union-call-focus-burn-pits-which-he-believes-affected-hi
legacy.com,2,Other:2,Other:4,,https://www.legacy.com/us/obituaries/dispatch/name/heath-robinson-obituary?id=1859739
department.va.gov,2,Political:2,Government:3,GOV-NEEDS-MAPPING(else-quarantine),https://department.va.gov/history/object-100-iraq-burn-pit/
thefederalregister.org,2,Other:2,Other:4,,https://thefederalregister.org/documents/2021-16693/presumptive-service-connection-for-respiratory-conditions-due-to-exp
americanmilitarynews.com,2,Other:2,Other:3,,https://americanmilitarynews.com/2020/02/honored-soldier-blames-burn-pit-exposure-for-stage-4-lung-cancer/
nationalacademies.org,2,Other:2,Other:5,,https://www.nationalacademies.org/read/25837/chapter/7
nsf.gov,2,Government:2,Government:6,GOV-NEEDS-MAPPING(else-quarantine),https://www.nsf.gov/awardsearch/showAward?AWD_ID=9411306
archives.hud.gov,2,Political:2,Political:6,GOV-NEEDS-MAPPING(else-quarantine),https://archives.hud.gov/news/1997/pr97-24.cfm
spokesman.com,2,Other:2,Other:9,,https://www.spokesman.com/stories/1997/dec/22/clinton-bears-christmas-tidings-to-troops-but/
taxnotes.com,2,Other:2,Other:9,,https://www.taxnotes.com/research/federal/legislative-documents/congressional-budget-office-reports/full-text-cbo-report
frbsf.org,2,Other:2,Other:5,,https://www.frbsf.org/economic-research/publications/economic-letter/1998/january/the-budget-deficit/
tampabay.com,2,Other:2,Other:6,,https://www.tampabay.com/archive/1997/10/29/social-promotions-fail-clinton-says/
usinfo.org,2,Other:2,Other:6,,https://usinfo.org/trade/tradelaw.htm
ncjrs.gov,2,Government:2,Government:6,GOV-NEEDS-MAPPING(else-quarantine),https://www.ncjrs.gov/pdffiles/90995.pdf
monitoringthefuture.org,2,Other:2,Other:6,,https://monitoringthefuture.org/wp-content/uploads/2021/02/05drugpr_complete.pdf
uscourts.gov,2,Government:2,Government:6,PROTECTED-T1-CANDIDATE,https://www.uscourts.gov/judges-judgeships/judicial-vacancies/archive-judicial-vacancies/1998/01/vacancies
slate.com,2,Other:2,Other:7,,https://slate.com/news-and-politics/1998/01/chief-justice-william-rehnquist.html
freedomhouse.org,2,Other:2,Other:12,,https://freedomhouse.org/sites/default/files/2020-02/Freedom_in_the_World_1997-1998_complete_book.pdf
gulflink.osd.mil,2,Government:2,Government:6,GOV-NEEDS-MAPPING(else-quarantine),https://gulflink.osd.mil/declassdocs/af/19970211/970207_aadbc_003.html
tile.loc.gov,2,Government:2,Government:7,GOV-NEEDS-MAPPING(else-quarantine),https://tile.loc.gov/storage-services/service/ll/llmlp/65002328_RC_May-Jun-1997/65002328_RC_May-Jun-1997.pdf
gao.justia.com,2,Other:2,Other:6,,https://gao.justia.com/environmental-protection-agency/1997/5/epa-ogc-97-41/
epw.senate.gov,2,Political:2,Political:6,PROTECTED-T1-CANDIDATE,https://www.epw.senate.gov/105th/lind0710.htm
cga.ct.gov,2,Political:2,Political:6,GOV-NEEDS-MAPPING(else-quarantine),https://www.cga.ct.gov/2013/SUM/2013SUM00117-R02SB-00387-SUM.htm
nitrd.gov,2,Political:2,Political:6,GOV-NEEDS-MAPPING(else-quarantine),https://www.nitrd.gov/historical-documents/archive-next-generation-internet-initiative-ngi-material/
apps.bea.gov,2,Government:2,Government:2,PROTECTED-T1-CANDIDATE,https://apps.bea.gov/iTable/?reqid=19&step=3&isuri=1&categories=survey&nipa_table_list=1&Series=A&select_all_years=1
law.cornell.edu,2,Other:2,Other:6,,https://www.law.cornell.edu/supct/pdf/12-96.pdf
ballotpedia.org,2,Other:2,Other:4,,"https://ballotpedia.org/New_Jersey_Minimum_Wage_Increase_Amendment,_Public_Question_2_(2013)"
medicare.gov,2,Political:1 Government:1,Political:1 Government:1,GOV-NEEDS-MAPPING(else-quarantine);MULTI-TIER(path-split-or-flap),https://www.medicare.gov/prescription-payment-plan/before-payment-option
nypost.com,2,Other:2,Other:3,,https://nypost.com/2022/01/22/nypd-officer-jason-rivera-mourned-by-hundreds-in-harlem-vigil/
data.cdc.gov,2,Government:2,Government:2,PROTECTED-T1-CANDIDATE,https://data.cdc.gov/Public-Health-Surveillance/Weekly-United-States-COVID-19-Hospitalization-Metr/akn2-qxic
usinflationcalculator.com,2,Other:2,Other:3,,https://www.usinflationcalculator.com/inflation/current-inflation-rates/
facebook.com,2,Other:2,Other:3,,https://www.facebook.com/MelaniaTrump/posts/into-law-new-billmelania-trump-foster-youth-to-independence-initiativeflotus
refworld.org,2,Other:2,Other:6,,https://www.refworld.org/reference/annualreport/usdos/2004/44614
ecoi.net,2,Other:2,Other:5,,https://www.ecoi.net/en/document/1173250.html
baltimoresun.com,2,Other:2,Other:5,,https://www.baltimoresun.com/2026/02/25/trump-sotu-maryland-sage-blair/
irp.fas.org,2,Other:2,Other:6,,https://irp.fas.org/agency/doj/fisa/doj122205.pdf
news.un.org,2,Other:2,Other:7,,https://news.un.org/en/story/2005/01/126432
apps.dtic.mil,2,Government:2,Government:6,GOV-NEEDS-MAPPING(else-quarantine),https://apps.dtic.mil/sti/pdfs/ADA448111.pdf
911commission.gov,2,Government:2,Government:6,GOV-NEEDS-MAPPING(else-quarantine),https://www.911commission.gov/report/911Report.pdf
schakowsky.house.gov,2,Political:2,Political:3 Government:1,GOV-NEEDS-MAPPING(else-quarantine),https://schakowsky.house.gov/infrastructure-investment-and-jobs-act-2021
nih.gov,2,Government:2,Government:6,GOV-NEEDS-MAPPING(else-quarantine),https://www.nih.gov/news-events/nida-sponsored-survey-shows-decrease-illicit-drug-use-among-nations-teens-prescription-d
fas.usda.gov,2,Political:2,Political:8,GOV-NEEDS-MAPPING(else-quarantine),https://www.fas.usda.gov/newsroom/growing-markets-around-world-americas-agricultural-productivity
esmis.nal.usda.gov,2,Political:2,Political:4 Government:2,GOV-NEEDS-MAPPING(else-quarantine),https://esmis.nal.usda.gov/sites/default/release-files/6m311p28w/n870zr46x/6t053g726/AES-12-02-2013.pdf
kearney.com,2,Other:2,Other:6,,https://www.kearney.com/documents/291362523/291366906/Back%2Bto%2BBusiness%2B-%2BOptimism%2BAmid%2BUncertainty-FDICI%2B2
investor.manpowergroup.com,2,Other:2,Other:9,,https://investor.manpowergroup.com/news-releases/news-release-details/job-seekers-location-timing-and-skills-are-keys-jo
advocacy.sba.gov,2,Political:2,Political:6,GOV-NEEDS-MAPPING(else-quarantine),https://advocacy.sba.gov/wp-content/uploads/2019/07/2013-Small-Business-Lending-Study.pdf
seia.org,2,Other:2,Other:7,,https://seia.org/news/third-largest-quarter-on-record/
oakpark.com,2,Other:2,Other:23,,https://www.oakpark.com/2014/01/28/oak-park-resident-misty-demars-is-guest-at-state-of-the-union-speech/
voanews.com,2,Other:2,Other:4,,https://www.voanews.com/a/episode_how-30-years-ukraine-independence-started-un-4793536/6218627.html
leginfo.legislature.ca.gov,2,Political:2,Political:3 Government:2,GOV-NEEDS-MAPPING(else-quarantine),https://leginfo.legislature.ca.gov/faces/billTextClient.xhtml?bill_id=201320140AB10
commonwealthfund.org,2,Other:2,Other:4,,https://www.commonwealthfund.org/newsletter/washington-health-policy-week-review-archive/january-27-2014
healthcare.gov,2,Political:2,Political:8,GOV-NEEDS-MAPPING(else-quarantine),https://www.healthcare.gov/coverage/pre-existing-conditions/
myfox8.com,2,Other:2,Other:8,,https://myfox8.com/2014/01/28/meet-cory-remsburg-the-war-hero-recognized-during-the-state-of-the-union-address
houstonchronicle.com,2,Other:2,Other:9,,https://www.houstonchronicle.com/news/houston-texas/trending/article/state-of-the-union-21940346.php
ksl.com,2,Other:2,Other:5,,https://www.ksl.com/article/28530456
patch.com,2,Other:2,Other:5,,https://patch.com/illinois/niles/who-is-sgt-cory-remsburg
vindy.com,2,Other:2,Other:4,,http://www.vindy.com/news/2014/jan/29/obama-again-plays-up-city-hub/
governing.com,2,Other:2,Other:3 Government:1,,https://www.governing.com/news/headlines/gov-obama-to-mayors-governors-and-state-legislators-raise-the-minimum-wage.html
armed-services.senate.gov,2,Political:2,Political:3 Government:2,PROTECTED-T1-CANDIDATE,https://www.armed-services.senate.gov/imo/media/doc/dempsey_winnefeld_nomhearing_071813.pdf
dea.gov,2,Political:2,Government:6,GOV-NEEDS-MAPPING(else-quarantine),https://www.dea.gov/sites/default/files/2024-05/5.23.2024%20NDTA-updated.pdf
reason.com,2,Other:2,Other:6,,https://reason.com/2026/02/24/5-reasons-to-doubt-trumps-boast-about-bringing-down-fentanyl-smuggling/
cde.ucr.cjis.gov,2,Political:2,Government:4,GOV-NEEDS-MAPPING(else-quarantine),https://cde.ucr.cjis.gov/LATEST/resources/reports/UCR%20Summary%20of%20Reported%20Crimes%20in%20the%20Nation%202024.pdf
iowaagriculture.gov,2,Political:2,Government:4,GOV-NEEDS-MAPPING(else-quarantine),https://iowaagriculture.gov/sites/default/files/Fuel%20Price%20Report%2002-18-2026.pdf
freddiemac.gcs-web.com,2,Other:2,Other:4,,https://freddiemac.gcs-web.com/news-releases/news-release-details/average-30-year-fixed-rate-mortgage-hits-another-low
piie.com,2,Other:2,Other:3,,https://www.piie.com/blogs/realtime-economics/2026/america-first-investment-pledges-big-numbers-uncertain-results
marketplace.org,2,Other:2,Other:4,,https://www.marketplace.org/story/2026/02/04/more-data-centers-plan-to-build-their-own-natural-gas-plants-for-power
fifa.com,2,Other:2,Other:4,,https://www.fifa.com/en/tournaments/mens/worldcup/canadamexicousa2026/articles/fifa-world-cup-26-match-schedule-revealed
vermontdailychronicle.com,2,Other:2,Other:10,,https://vermontdailychronicle.com/castleton-wwii-veteran-braved-japanese-machine-guns-at-battle-of-luzon-trump-tells-sot
investing.com,2,Other:2,Other:4,,https://www.investing.com/news/stock-market-news/dow-jones-industrial-average-hits-record-50000-points-4491728
pfluger.house.gov,2,Political:2,Government:4,GOV-NEEDS-MAPPING(else-quarantine),https://pfluger.house.gov/news/documentsingle.aspx?DocumentID=2457
houstonpublicmedia.org,2,Other:2,Other:3,,https://www.houstonpublicmedia.org/articles/news/texas/2025/07/12/526299/trump-tours-central-texas-flood-sites-and-defen
waterdata.usgs.gov,2,Government:2,Government:4,GOV-NEEDS-MAPPING(else-quarantine),https://waterdata.usgs.gov/monitoring-location/USGS-08166200/
theconversation.com,2,Other:2,Other:3,,https://theconversation.com/dei-initiatives-removed-from-federal-agencies-that-fund-science-but-scientific-research-cont
mycg.uscg.mil,2,Political:2,Government:10,GOV-NEEDS-MAPPING(else-quarantine),https://www.mycg.uscg.mil/News/Article/4242423/coast-guard-rescue-6553s-heroic-efforts-during-texas-flash-flooding/
ksat.com,2,Other:2,Other:3,,https://www.ksat.com/news/local/2025/07/08/coast-guard-rescue-swimmer-saves-169-people-in-first-mission-during-hill-coun
taxfoundation.org,2,Other:2,Other:6,,https://taxfoundation.org/blog/largest-tax-cuts-hikes-biden-trump-tax-proposals/
ohss.dhs.gov,2,Political:2,Government:6,GOV-NEEDS-MAPPING(else-quarantine),https://ohss.dhs.gov/sites/default/files/2024-06/2024_0418_ohss_estimates-of-the-unauthorized-immigrant-population-resid
healthsystemtracker.org,2,Other:2,Other:3,,https://www.healthsystemtracker.org/chart-collection/how-do-prescription-drug-costs-in-the-united-states-compare-to-othe
unitedhealthgroup.com,2,Other:2,Other:4,,https://www.unitedhealthgroup.com/content/dam/UHG/PDF/investors/2025/UNH-Q4-2025-Form-10-K.pdf
paragoninstitute.org,2,Other:2,Other:5,,https://paragoninstitute.org/newsletter/the-aca-is-making-health-insurers-much-richer/
click2houston.com,2,Other:2,Other:5,,https://www.click2houston.com/news/local/2026/02/26/president-trump-cited-a-houston-womans-home-ownership-crisis-in-stat
about.fidelity.com,2,Other:2,Other:4,,https://about.fidelity.com/data-and-insights/q3-2025-retirement-analysis
ktla.com,2,Other:2,Other:3,,https://ktla.com/news/local-news/girl-5-fighting-to-recover-after-big-rig-crash-in-southern-california/
tribuneindia.com,2,Other:2,Other:3,,https://www.tribuneindia.com/news/diaspora/trump-honours-girl-injured-in-california-crash-by-illegal-indian-truck-driver
borderreport.com,2,Other:2,Other:3,,https://www.borderreport.com/border-report-tour/immigration/proposed-dalilahs-law-would-bar-undocumented-truck-drivers/
denvergazette.com,2,Other:2,Other:3,,https://www.denvergazette.com/2024/02/09/grand-jury-indicts-illegal-immigrant-on-capital-murder-following-death-of-high-
news.gallup.com,2,Other:2,Other:3,,https://news.gallup.com/poll/642548/church-attendance-declined-religious-groups.aspx
wfmd.com,2,Other:2,Other:6,,https://www.wfmd.com/2026/02/25/virginia-mom-praises-trump-for-shining-a-light-on-daughters-school-transition-case-durin
orise.orau.gov,2,Political:2,Government:4,GOV-NEEDS-MAPPING(else-quarantine),https://orise.orau.gov/ai-challenge/about/timeline.html
atty.utahcounty.gov,2,Political:2,Government:4,GOV-NEEDS-MAPPING(else-quarantine),https://atty.utahcounty.gov/cms/uploads/2025_09_10_UVU_Shooting_Press_Release_3f9108991f.pdf
foreign.senate.gov,2,Political:2,Government:3,PROTECTED-T1-CANDIDATE,https://www.foreign.senate.gov/hearings/nominations-01-15-2025
gulfnews.com,2,Other:2,Other:4,,https://gulfnews.com/amp/story/world%2Famericas%2Ftrump-warns-of-very-strong-action-if-iran-hangs-protesters-1.500406866
sipri.org,2,Other:2,Other:4,,https://www.sipri.org/media/press-release/2025/unprecedented-rise-global-military-expenditure-european-and-middle-east-s
spaceforce.mil,2,Political:2,Government:3,GOV-NEEDS-MAPPING(else-quarantine),https://www.spaceforce.mil/News/Article-Display/Article/4230425/air-force-and-space-force-exceed-annual-recruiting-goals
defenseone.com,2,Other:2,Other:4,,https://www.defenseone.com/policy/2025/12/trump-rebrands-congressionally-approved-troop-housing-subsidy-warrior-dividend
cmohs.org,2,Other:2,Other:9,,https://www.cmohs.org/news-events/medal-of-honor-congressional-gold-medal-presidential-medal-of-freedom/
legion.org,2,Other:2,Other:3,,https://www.legion.org/information-center/news/honor/2026/february/legionnaire-royce-williams-receives-medal-of-honor
wilsoncenter.org,2,Other:2,Other:2,,https://www.wilsoncenter.org/blog-post/failed-diplomacy-soviet-american-relations-and-division-korea
milwaukeeindependent.com,2,Other:2,Government:2,,http://www.milwaukeeindependent.com/thom-hartmann/40-year-con-trickle-reaganomics-republicans-toxic-class-warfare-spread
cdn.factcheck.org,2,FactCheck:2,FactCheck:2,,https://cdn.factcheck.org/UploadedFiles/2016/09/NYPD-Sept-18-2016-crime-report.pdf
fastcompany.com,2,Other:2,Other:2,,https://www.fastcompany.com/90679616/new-intel-ceo-gelsinger-faces-a-challenge-with-geopolitical-overtones
freep.com,2,Other:2,Other:2,,https://www.freep.com/story/money/cars/ford/2021/09/27/ford-motor-company-all-electric-vehicles/5884985001/
gcaptain.com,2,Other:2,Other:2,,https://gcaptain.com/2021-container-rates-surge/
theintercept.com,2,Other:2,Other:2,,https://theintercept.com/2022/03/02/state-union-global-shipping-exports/
levernews.com,2,Other:2,Other:3,,https://www.levernews.com/health-insurers-371-billion-windfall/
today.com,2,Other:2,Other:3,,https://www.today.com/health/best-over-counter-medications-us-news-world-report-t221113
thewellnews.com,2,Other:2,Other:4,,https://www.thewellnews.com/education/first-lady-launches-presidential-ai-challenge/
justsecurity.org,2,Other:2,Other:2,,https://www.justsecurity.org/115234/policy-legal-iran-nuclear-strikes/
scrippsnews.com,2,Other:2,Other:2,,https://www.scrippsnews.com/politics/the-president/read-the-complete-transcript-of-trumps-2026-state-of-the-union
allsides.com,2,Other:2,Other:4,,https://www.allsides.com/news/2026-02-25-0800/facts-and-fact-checking-fact-check-trump-oversees-fewest-illegal-aliens-cr
breitbart.com,2,Other:2,Other:3,,https://www.breitbart.com/economy/2026/02/24/fact-check-trump-says-core-inflation-fell-to-1-7-in-last-quarter-of-2025/
kcci.com,2,Other:2,Other:2,,https://www.kcci.com/article/iowa-gas-prices-2-gallon-ankeny-des-moines/69838755
news.meaww.com,2,Other:2,Other:3,,https://news.meaww.com/fact-check-is-trumps-claim-more-americans-are-working-now-than-ever-before-true
fedorchak.house.gov,2,Political:2,Government:2,GOV-NEEDS-MAPPING(else-quarantine),https://fedorchak.house.gov/media/press-releases/fedorchak-statement-resolution-reaffirming-iran-worlds-leading-state-sp
abc7chicago.com,2,Other:2,Other:2,,https://abc7chicago.com/live-updates/state-union-2026-live-updates-president-donald-trump-address/18639619/entry/1864691
poynter.org,2,Other:2,Other:2,,https://www.poynter.org/fact-checking/2025/united-states-18-trillion-dollars-investments/
fox26houston.com,2,Other:2,Other:5,,https://www.fox26houston.com/news/edna-texas-cheerleader-killed-sentence-two-life-20-years-lizbeth-medina-refael-govea-r
msgboard.snopes.com,2,FactCheck:2,FactCheck:2,,http://msgboard.snopes.com/cgi-bin/ultimatebb.cgi?f=102&p=0&t=000638&ubb=get_topic
democrats-appropriations.house.gov,2,Political:2,Government:3,GOV-NEEDS-MAPPING(else-quarantine),https://democrats-appropriations.house.gov/news/press-releases/after-shutting-down-department-homeland-security-76-days-
abc7news.com,2,Other:2,Other:2,,https://abc7news.com/live-updates/state-union-2026-live-updates-president-donald-trump-address/18639619/entry/18646661/
charlotteobserver.com,2,Other:2,Other:4,,https://www.charlotteobserver.com/news/local/crime/article312041787.html
leadstories.com,2,Other:2,Other:2,,https://leadstories.com/hoax-alert/2026/02/fact-check-decarlos-brown-jr-accused-killer-iryna-zarutska-was-not-foreign-na
usamm.com,2,Other:2,Other:4,,https://www.usamm.com/blogs/news/military-recruitment-numbers-over-the-years
crashoutmedia.com,2,Other:2,Other:2,,https://www.crashoutmedia.com/p/how-much-of-mexico-is-governed-by
wlrn.org,2,Other:2,Other:2,,https://www.wlrn.org/government-politics/2026-02-26/trump-drug-marine-seizure
eurasiareview.com,2,Other:2,Other:2,,https://www.eurasiareview.com/05122024-the-commercial-fishing-industry-is-destroying-vital-marine-ecosystems-oped/
floridapolitics.com,2,Other:2,Other:2,,https://floridapolitics.com/archives/716588-senate-unanimously-confirms-marco-rubio-as-secretary-of-state/
nationalinterest.org,2,Other:2,Other:4,,https://nationalinterest.org/blog/buzz/maduro-raid-night-stalker-just-got-medal-of-honor-sa-022626
history.com,2,Other:2,Other:2,,https://www.history.com/articles/iran-nuclear-weapons-eisenhower-atoms-for-peace
cis.org,2,Other:2,Other:2,,https://cis.org/Arthur/Border-More-Secure-Ever
theworlddata.com,2,Other:2,Other:2,,https://theworlddata.com/government-spending-by-year-in-us/
bankrate.com,2,Other:2,Other:2,,https://www.bankrate.com/banking/federal-reserve/latest-inflation-statistics/
visualcapitalist.com,2,Other:2,Other:2,,https://www.visualcapitalist.com/mapped-the-average-annual-temperature-of-every-country/
agc.org,2,Other:2,Other:2,,https://www.agc.org/news/2024/10/22/construction-employment-increases-40-states-september-2023-september-2024-while-24-s
hklaw.com,2,Other:2,Other:2,,https://www.hklaw.com/en/insights/publications/2021/08/infrastructure-investment-and-jobs-act-summary
dailycaller.com,2,Other:2,Other:2,,https://dailycaller.com/2022/01/21/intel-semiconductor-manufacturing-chip-ohio/
cosm.aei.org,2,Other:2,Other:2,,https://cosm.aei.org/the-policy-lessons-from-minnesotas-massive-welfare-fraud/
olympics.com,2,Other:2,Other:2,,https://www.olympics.com/en/news/fifa-world-cup-2026-full-list-stadiums-mexico-canada-usa
brainly.com,2,Other:2,Other:2,,https://brainly.com/question/20464903
32nd-division.org,2,Other:2,Other:2,,https://www.32nd-division.org/history/history-of-the-32d-red-arrow-infantry-division/world-war-ii-history-of-the-32d-red
alchetron.com,2,Other:2,Other:2,,https://alchetron.com/Improvised-explosive-device
ppic.org,2,Other:2,Other:2,,https://www.ppic.org/blog/inflation-has-affected-family-spending/
britannica.com,2,Other:2,Other:2,,https://www.britannica.com/biography/Who-Is-Delcy-Rodriguez-the-Acting-President-of-Venezuela
goodrx.com,2,Other:2,Other:2,,https://www.goodrx.com/conditions/fertility/ivf-costs
401kspecialistmag.com,2,Other:2,Other:2,,https://401kspecialistmag.com/4-in-10-working-americans-lack-retirement-plan-access-census-bureau-data-shows/
homenewshere.com,2,Other:2,Other:2,,http://homenewshere.com/national/news/article_582625e1-d52c-50c7-82d0-51a51382113b.html
virginiamercury.com,2,Other:2,Other:3,,https://virginiamercury.com/2022/03/01/biden-oks-release-of-30-million-barrels-of-oil-from-strategic-petroleum-reserve/
brushcreekacademy.com,2,Other:2,Other:2,,https://www.brushcreekacademy.com/all-boy-boarding-school-in-baltimore-maryland/
prri.org,2,Other:2,Other:2,,https://prri.org/research/religious-change-in-america/
wvmetronews.com,2,Other:2,Other:3,,https://wvmetronews.com/2025/01/04/wv-national-guard-recaps-2024-accomplishments/
wowktv.com,2,Other:2,Other:2,,https://www.wowktv.com/news/staff-sgt-andrew-wolfe-moved-to-in-patient-rehabilitation/
english.elpais.com,2,Other:2,Other:2,,https://english.elpais.com/international/2025-10-27/drug-boats-carrying-colombian-cocaine-to-the-us-use-pacific-route-mo
newyorker.com,2,Other:2,Other:2,,https://www.newyorker.com/news/the-lede/the-bloody-life-and-legacy-of-el-mencho
mdpi.com,2,Other:2,Other:2,,https://www.mdpi.com/1660-4601/17/9/3299
taskandpurpose.com,2,Other:2,Other:3,,https://taskandpurpose.com/history/medal-of-honor-royce-williams-ndaa/
foreignpolicy.com,2,Other:2,Other:3,,https://foreignpolicy.com/2022/03/08/swift-sanctions-ukraine-russia-nato-putin-war-global-finance/
aha.org,2,Other:2,Other:2,,https://www.aha.org/advisory/2021-03-17-summary-american-rescue-plan-act-2021-and-provisions-affecting-hospitals-and
americanmanufacturing.org,2,Other:2,Other:2,,https://www.americanmanufacturing.org/blog/factory-job-growth-is-off-to-a-solid-start-in-2022-will-it-continue/
healio.com,2,Other:2,Other:2,,https://www.healio.com/news/endocrinology/20200225/cdc-13-of-us-adults-have-diabetes-with-fewer-new-cases
medrxiv.org,2,Other:2,Other:2,,https://www.medrxiv.org/content/10.1101/2020.12.10.20247452v2
gov.uk,2,Other:2,Other:2,,https://www.gov.uk/government/publications/advanced-research-and-invention-agency-aria-statement-of-policy-intent/advanc
le.utah.gov,1,Political:1,Government:3,GOV-NEEDS-MAPPING(else-quarantine),https://le.utah.gov/interim/2021/pdf/00003465.pdf
coag.gov,1,Political:1,Government:2,GOV-NEEDS-MAPPING(else-quarantine),https://coag.gov/app/uploads/2020/11/Insulin-Report-102020.pdf
ag.ny.gov,1,Political:1,Government:2,GOV-NEEDS-MAPPING(else-quarantine),https://ag.ny.gov/press-release/2022/attorney-general-james-statement-death-nypd-officer-wilbert-mora
irishexaminer.com,1,Other:1,Other:3,,https://www.irishexaminer.com/world/arid-40819179.html
diplomacy.state.gov,1,Political:1,Government:2,GOV-NEEDS-MAPPING(else-quarantine),https://diplomacy.state.gov/artifact-collection-highlights/commemorating-70-years-of-the-north-atlantic-treaty
act.nato.int,1,Government:1,Government:2,GOV-NEEDS-MAPPING(else-quarantine),https://www.act.nato.int/article/north-macedonia-joins-nato-as-30th-ally/
mid.ru,1,Other:1,Other:2,,https://mid.ru/en/foreign_policy/rso/nato/1790803/
en.kremlin.ru,1,Other:1,Other:2,,http://en.kremlin.ru/events/president/news/67766
ec.europa.eu,1,Other:1,Other:2,,https://ec.europa.eu/commission/presscorner/detail/en/statement_22_1423
uk.usembassy.gov,1,Political:1,Government:2,GOV-NEEDS-MAPPING(else-quarantine),https://uk.usembassy.gov/news-joint-statement-on-further-restrictive-economic-measures/
geneva.usmission.gov,1,Political:1,Government:2,GOV-NEEDS-MAPPING(else-quarantine),https://geneva.usmission.gov/2022/02/25/remarks-by-president-biden-on-russias-attack-on-ukraine/
consilium.europa.eu,1,Other:1,Other:6,,https://www.consilium.europa.eu/en/press/press-releases/2022/03/02/russia-s-military-aggression-against-ukraine-eu-bans-
federal.elaws.us,1,Other:1,Other:2,,https://federal.elaws.us/fr/9/9/2022/2022-19512
moex.com,1,Other:1,Other:2,,https://www.moex.com/n43337
usafe.af.mil,1,Political:1,Government:2,GOV-NEEDS-MAPPING(else-quarantine),https://www.usafe.af.mil/News/Press-Releases/Article/2931580/us-aircraft-heading-to-romania-to-enhance-nato-collective-d
president.gov.ua,1,Other:1,Other:2,,https://www.president.gov.ua/en/news/promova-prezidenta-volodimira-zelenskogo-z-nagodi-30-yi-rich-70333
ovd.info,1,Other:1,Other:2,,https://ovd.info/en/timeline-russian-anti-war-protests
mx.usembassy.gov,1,Political:1,Government:6,GOV-NEEDS-MAPPING(else-quarantine),https://mx.usembassy.gov/remarks-of-president-joe-biden-state-of-the-union-address-as-prepared-for-delivery/
eda.gov,1,Political:1,Government:2,GOV-NEEDS-MAPPING(else-quarantine),https://www.eda.gov/funding/programs/american-rescue-plan
transit.dot.gov,1,Political:1,Government:2,GOV-NEEDS-MAPPING(else-quarantine),https://www.transit.dot.gov/funding/american-rescue-plan-act-2021
durhamnc.gov,1,Government:1,Government:2,GOV-NEEDS-MAPPING(else-quarantine),https://www.durhamnc.gov/DocumentCenter/View/38610/American-Rescue-Plan-US-Conference-of-Mayors?bidId=
eprints.lse.ac.uk,1,Other:1,Other:4,,https://eprints.lse.ac.uk/107919/1/Hope_economic_consequences_of_major_tax_cuts_published.pdf
academic.oup.com,1,Other:1,Other:2,,https://academic.oup.com/ser/article/20/2/539/6500315
wid.world,1,Other:1,Other:2,,https://wid.world/news-article/world-inequality-report-2022/
asce.org,1,Other:1,Other:2,,https://www.asce.org/publications-and-news/civil-engineering-source/article/2021/03/03/2021-report-card-for-americas-inf
detroitnews.com,1,Other:1,Other:2,,https://www.detroitnews.com/story/opinion/2021/04/06/opinion-our-infrastructure-crumbling-not-according-data/7092313002/
democrats-transportation.house.gov,1,Political:1,Government:2,GOV-NEEDS-MAPPING(else-quarantine),https://democrats-transportation.house.gov/news/press-releases/chair-defazio-statement-on-president-biden-signing-the-in
stateoftheunion.onetwothree.net,1,Other:1,Other:2,,https://stateoftheunion.onetwothree.net/texts/20220301.html
newsroom.intel.com,1,Other:1,Other:4,,https://newsroom.intel.com/press-kit/intel-invests-ohio
mrlc.gov,1,Government:1,Government:2,GOV-NEEDS-MAPPING(else-quarantine),https://www.mrlc.gov/data
download.intel.com,1,Other:1,Other:4,,https://download.intel.com/newsroom/archive/2025/en-us-2022-01-21-intel-announces-next-us-site-with-landmark-investment-
media.ford.com,1,Other:1,Other:2,,https://media.ford.com/content/fordmedia/fna/us/en/news/2021/09/27/ford-to-lead-americas-shift-to-electric-vehicles.html
kentucky.gov,1,Political:1,Government:2,GOV-NEEDS-MAPPING(else-quarantine),https://kentucky.gov/Pages/Activity-stream.aspx?n=GovernorBeshear&prId=981
pressroom.gm.com,1,Other:1,Other:2,,https://pressroom.gm.com/gmbx/us/en/pressroom/home/news.detail.html/Pages/news/us/en/2022/jan/0125-michigan-investment.h
news.gm.com,1,Other:1,Other:2,,https://news.gm.com/home.detail.html/Pages/news/us/en/2022/jan/0125-gmandlg.html
richlandsource.com,1,Other:1,Other:2,,https://www.richlandsource.com/2022/01/21/sherrod-brown-today-we-are-burying-the-term-rust-belt/
clevelandfed.org,1,Other:1,Other:4,,https://www.clevelandfed.org/publications/economic-commentary/2021/ec-202117-semiconductor-shortages-vehicle-production-
coxautoinc.com,1,Other:1,Other:2,,https://www.coxautoinc.com/insights-hub/jan-2022-muvvi/
ipsos.com,1,Other:1,Other:2,,https://www.ipsos.com/en-us/news-polls/bidens-build-back-better-framework-supported-over-half-americans-110321
diabetesresearch.org,1,Other:1,Other:2,,https://diabetesresearch.org/wp-content/uploads/2022/05/national-diabetes-statistics-report-2020.pdf
diabetesjournals.org,1,Other:1,Other:2,,https://diabetesjournals.org/care/article-abstract/43/Supplement_1/S14/30640
wtvr.com,1,Other:1,Other:2,,https://www.wtvr.com/news/local-news/midlothian-student-selected-as-guest-to-attend-state-of-the-union
familyplanninglinkagetobhcare.org,1,Other:1,Other:2,,https://www.familyplanninglinkagetobhcare.org/sites/default/files/uploaded-publication-files/Altarum%20Strategies%20for%
pharmacychecker.com,1,Other:1,Other:3,,https://www.pharmacychecker.com/askpc/insulin-production-cost/
purl.fdlp.gov,1,Political:1,Government:2,GOV-NEEDS-MAPPING(else-quarantine),https://purl.fdlp.gov/GPO/gpo150934
childcareaware.org,1,Other:1,Other:2,,https://www.childcareaware.org/demanding-change-repairing-our-child-care-system/
files.epi.org,1,Other:1,Other:2,,https://files.epi.org/pdf/181729.pdf
ocfs.ny.gov,1,Political:1,Government:2,GOV-NEEDS-MAPPING(else-quarantine),https://ocfs.ny.gov/main/reports/2022-Child-Care-Market-Rate-Survey.pdf
itep.sfo2.digitaloceanspaces.com,1,Other:1,Other:2,,https://itep.sfo2.digitaloceanspaces.com/040221-55-Profitable-Corporations-Zero-Corporate-Taxes.pdf
bennet.senate.gov,1,Political:1,Government:2,PROTECTED-T1-CANDIDATE,https://www.bennet.senate.gov/2020/04/14/press-releases-id-bf9bc55a-53d3-4880-925a-378854283f38/
ignet.gov,1,Political:1,Government:2,GOV-NEEDS-MAPPING(else-quarantine),https://ignet.gov/sites/default/files/files/PRAC-press-release.pdf
pandemicoversight.gov,1,Political:1,Government:2,GOV-NEEDS-MAPPING(else-quarantine),https://www.pandemicoversight.gov/oversight/semiannual-reports-to-congress/october-2020-march-2021
statescoop.com,1,Other:1,Other:2,,https://statescoop.com/biden-justice-department-chief-prosecutor-pandemic-unemployment-fraud/
oversight.gov,1,Political:1,Government:2,GOV-NEEDS-MAPPING(else-quarantine),https://www.oversight.gov/sites/default/files/documents/reports/2021-03/SBA-OIG-Report-21-09.pdf
www2.fmc.gov,1,Political:1,Government:2,GOV-NEEDS-MAPPING(else-quarantine),https://www2.fmc.gov/readingroom/docs/21-11/21-11_C_Rsp_R_Mtn_Public.pdf/
maersk.com,1,Other:1,Other:2,,https://www.maersk.com/news/articles/2022/02/09/apmm-reports-record-earnings-for-2021-and-guides-for-a-strong-2022
assets.publishing.service.gov.uk,1,Other:1,Other:2,,https://assets.publishing.service.gov.uk/government/uploads/system/uploads/attachment_data/file/1050236/technical-briefi
clinicaltrials.gov,1,Political:1,Government:2,GOV-NEEDS-MAPPING(else-quarantine),https://clinicaltrials.gov/study/NCT04960202
uy.usembassy.gov,1,Political:1,Government:2,GOV-NEEDS-MAPPING(else-quarantine),https://uy.usembassy.gov/remarks-by-president-biden-in-state-of-the-union-address/
vdh.virginia.gov,1,Political:1,Government:2,GOV-NEEDS-MAPPING(else-quarantine),https://www.vdh.virginia.gov/content/uploads/sites/182/2022/03/ASPR-Fact-Sheet_T2T_FINAL_3.4.22.pdf
aspr.gov,1,Government:1,Government:2,GOV-NEEDS-MAPPING(else-quarantine),https://www.aspr.gov/about/centers/h-core/tests
wgbh.org,1,Other:1,Other:2,,https://www.wgbh.org/news/national/2022-01-21/theres-now-a-phone-line-to-order-your-free-at-home-covid-tests
hrsa.gov,1,Political:1,Government:2,GOV-NEEDS-MAPPING(else-quarantine),https://www.hrsa.gov/provider-relief/about/covid-19-coverage-assistance
merck.com,1,Other:1,Other:2,,https://www.merck.com/news/merck-and-ridgeback-announce-u-s-government-to-purchase-1-4-million-additional-courses-of-mol
krishnamoorthi.house.gov,1,Political:1,Government:2,GOV-NEEDS-MAPPING(else-quarantine),https://krishnamoorthi.house.gov/media/press-releases/congressman-raja-krishnamoorthi-president-biden-following-state-un
share.america.gov,1,Political:1,Government:2,GOV-NEEDS-MAPPING(else-quarantine),https://share.america.gov/us-sends-covid-19-vaccines-worldwide-february-2022/
toronto.citynews.ca,1,Other:1,Other:2,,https://toronto.citynews.ca/2022/01/25/2nd-nypd-officer-dies-days-after-harlem-shooting/
news4jax.com,1,Other:1,Other:2,,https://www.news4jax.com/news/national/2022/01/22/nyc-police-officer-killed-2nd-critical-in-harlem-shooting/
naco.org,1,Other:1,Other:2,,https://www.naco.org/resources/featured/naco-recovery-fund-faqs
legis.ga.gov,1,Political:1,Government:2,GOV-NEEDS-MAPPING(else-quarantine),https://www.legis.ga.gov/api/legislation/document/20212022/201121
votingrightslab.org,1,Other:1,Other:2,,https://votingrightslab.org/report/a-threat-to-our-democracy-election-subversion-in-the-2021-legislative-session/
flsenate.gov,1,Political:1,Government:2,GOV-NEEDS-MAPPING(else-quarantine),https://www.flsenate.gov/Session/Bill/2021/90/BillText/er/PDF
adamisacson.com,1,Other:1,Other:4,,https://adamisacson.com/weekly-border-update-march-4-2022/
kxnet.com,1,Other:1,Other:2,,https://www.kxnet.com/news/state-news/us-customs-and-border-protection-unveils-46m-project-for-new-rail-scanners/
jurist.org,1,Other:1,Other:2,,https://www.jurist.org/news/2021/04/mexico-honduras-guatemala-agree-to-increase-border-security-to-curb-migration/
gt.usembassy.gov,1,Political:1,Government:2,GOV-NEEDS-MAPPING(else-quarantine),https://gt.usembassy.gov/action-the-biden-harris-administration-has-taken-to-address-the-border-challenge/
oyez.org,1,Other:1,Other:2,,https://www.oyez.org/cases/2021/19-1392
durbin.senate.gov,1,Political:1,Government:2,PROTECTED-T1-CANDIDATE,https://www.durbin.senate.gov/newsroom/press-releases/senators-introduce-bipartisan-bill-to-modernize-violence-against-w
ernst.senate.gov,1,Political:1,Government:2,PROTECTED-T1-CANDIDATE,https://www.ernst.senate.gov/news/press-releases/senators-introduce-bipartisan-bill-to-modernize-the-violence-against-wo
history.house.gov,1,Political:1,Government:2,GOV-NEEDS-MAPPING(else-quarantine),https://history.house.gov/Exhibitions-and-Publications/BAIC/Historical-Essays/Power-Diversity/Legislative-Interests/
recoveryconnections.hcph.org,1,Other:1,Other:2,,https://recoveryconnections.hcph.org/discussion/download/321/RFW_Toolkit_2022_03.pdf
oese.ed.gov,1,Government:1,Government:2,GOV-NEEDS-MAPPING(else-quarantine),https://oese.ed.gov/files/2021/03/ARP_Letter_Sec_to_Chiefs_FINAL.pdf
learningpolicyinstitute.org,1,Other:1,Other:2,,https://learningpolicyinstitute.org/blog/covid-analysis-american-rescue-plan-act-2021
k12dive.com,1,Other:1,Other:2,,https://www.k12dive.com/news/superintendents-call-for-sustained-funding-as-american-rescue-plan-provides/596230/
ies.ed.gov,1,Political:1,Government:2,GOV-NEEDS-MAPPING(else-quarantine),https://ies.ed.gov/learn/blog/american-rescue-plan-ies-paving-way-learning-recovery
cde.ca.gov,1,Political:1,Government:2,GOV-NEEDS-MAPPING(else-quarantine),https://www.cde.ca.gov/fg/cr/esseriiifaqs.asp
aap.org,1,Other:1,Other:2,,https://www.aap.org/en/advocacy/child-and-adolescent-healthy-mental-development/aap-aacap-cha-declaration-of-a-national-
govcio.com,1,Other:1,Other:2,,https://govcio.com/news/president-biden-credits-va-program-with-streamlining-modernizing-debt-relief/
nclc.org,1,Other:1,Other:2,,https://www.nclc.org/president-bidens-announcement-on-veterans-medical-debt-will-lift-a-burden-from-veteran-families/
craftprd1.blob.core.windows.net,1,Other:1,Other:2,,https://craftprd1.blob.core.windows.net/documents/advocacy-patients/patient-resources/military-burn-pits.pdf
dodig.mil,1,Government:1,Government:2,GOV-NEEDS-MAPPING(else-quarantine),https://www.dodig.mil/reports.html/Article/2836465/evaluation-of-department-of-defense-compliance-at-sites-conducting-op
wtsp.com,1,Other:1,Other:4,,https://www.wtsp.com/article/news/national/military-news/burn-pits-president-biden-state-of-the-union/67-04362d32-7ece-4
portman.senate.gov,1,Political:1,Government:2,PROTECTED-T1-CANDIDATE,https://www.portman.senate.gov/newsroom/press-releases/portman-brown-mast-ryan-introduce-legislation-help-veterans-expos
dvs.ohio.gov,1,Political:1,Government:2,GOV-NEEDS-MAPPING(else-quarantine),https://dvs.ohio.gov/hall-of-fame/honorees/hall-of-fame-honorees/hall-of-fame-honorees-2020s/heath-m-robinson
lancastereaglegazette.com,1,Other:1,Other:2,,https://www.lancastereaglegazette.com/story/news/2020/02/19/honored-soldier-blames-burn-pit-exposure-state-4-lung-cancer
beatty.house.gov,1,Political:1,Government:2,GOV-NEEDS-MAPPING(else-quarantine),https://beatty.house.gov/media-center/in-the-news/3-central-ohioans-invited-to-2022-state-of-the-union-address
moaa.org,1,Other:1,Other:2,,https://www.moaa.org/content/publications-and-media/news-articles/2022-news-articles/advocacy/major-breakthroughs-on-tox
acsjournals.onlinelibrary.wiley.com,1,Other:1,Other:2,,https://acsjournals.onlinelibrary.wiley.com/doi/10.3322/caac.21654
degette.house.gov,1,Political:1,Government:2,GOV-NEEDS-MAPPING(else-quarantine),https://degette.house.gov/sites/evo-subsites/degette-evo.house.gov/files/2021-06-15_ARPA-H%20Fact%20Sheet_Final.pdf
clintonwhitehouse1.archives.gov,1,Government:1,Government:3,GOV-NEEDS-MAPPING(else-quarantine),https://clintonwhitehouse1.archives.gov/White_House/Publications/html/briefs/iv-1.html
en.wikisource.org,1,Other:1,Other:3,,https://en.wikisource.org/wiki/Bill_Clinton's_Sixth_State_of_the_Union_Address
australianpolitics.com,1,Other:1,Other:3,,https://australianpolitics.com/1997/02/04/state-of-the-union-address-1997-clinton.html/
listserv.ed.gov,1,Political:1,Political:3,GOV-NEEDS-MAPPING(else-quarantine),https://listserv.ed.gov/archives/edinfo/archived/msg00179.html
chronicle.com,1,Other:1,Other:3,,https://www.chronicle.com/article/clinton-signs-spending-bill-with-increases-for-pell-grants-and-the-nih
efpls.ed.gov,1,Political:1,Political:3,GOV-NEEDS-MAPPING(else-quarantine),https://efpls.ed.gov/bwr/tra97.html
finaid.org,1,Other:1,Other:3,,https://finaid.org/loans/historicalrates/
lao.ca.gov,1,Political:1,Political:6,GOV-NEEDS-MAPPING(else-quarantine),https://lao.ca.gov/1998/0298_highered_tax_credits/0298_highered_tax_credits.html
gpo.gov,1,Government:1,Government:3,GOV-NEEDS-MAPPING(else-quarantine),https://www.gpo.gov/fdsys/pkg/CPRT-105JPRT45107/pdf/CPRT-105JPRT45107.pdf
unclefed.com,1,Other:1,Other:3,,https://www.unclefed.com/Tax-Bulls/1997/Not97-60.pdf
digital.library.unt.edu,1,Other:1,Other:3,,https://digital.library.unt.edu/ark:/67531/metadc808483/
rethinkingschools.org,1,Other:1,Other:3,,https://rethinkingschools.org/articles/chicago-s-no-social-promotion-under-attack/
acf.dhhs.gov,1,Political:1,Political:3,GOV-NEEDS-MAPPING(else-quarantine),http://www.acf.dhhs.gov/news/case-fam.htm
clintonlibrary.gov,1,Political:1,Political:6,GOV-NEEDS-MAPPING(else-quarantine),https://www.clintonlibrary.gov/galleries/state-union-photo-gallery
chausa.org,1,Other:1,Other:3,,https://www.chausa.org/news-and-publications/publications/health-progress/archives/september-october-1997/health-policy-
wdr.doleta.gov,1,Political:1,Political:3,GOV-NEEDS-MAPPING(else-quarantine),https://wdr.doleta.gov/opr/fulltext/document.cfm?docn=5856
ojjdp.ojp.gov,1,Political:1,Political:3,GOV-NEEDS-MAPPING(else-quarantine),https://ojjdp.ojp.gov/library/publications/juvenile-offenders-and-victims-1997-update-violence
ncjj.org,1,Other:1,Other:3,,http://www.ncjj.org/Publication/Juvenile-Offenders-and-Victims-1997-Update-on-Violence.aspx
news.umich.edu,1,Other:1,Other:3,,https://news.umich.edu/american-teens-drug-use-shows-signs-of-leveling-after-long-rise/
archives.nida.nih.gov,1,Government:1,Government:3,GOV-NEEDS-MAPPING(else-quarantine),https://archives.nida.nih.gov/sites/default/files/directors_report_2-98.pdf
samhsa.gov,1,Government:1,Government:3,GOV-NEEDS-MAPPING(else-quarantine),https://www.samhsa.gov/data/system/files/media-puf-file/NHSDA-1996-DS0001-info-codebook.pdf
ndsn.org,1,Other:1,Other:3,,https://ndsn.org/feb98/control.html
judicial-discipline-reform.org,1,Other:1,Other:6,,https://judicial-discipline-reform.org/statistics%26tables/SCt/SCt_yearend_reports.pdf
irishtimes.com,1,Other:1,Other:3,,https://www.irishtimes.com/news/clinton-visits-sarajevo-to-underline-us-commitment-1.139797
jfklibrary.org,1,Other:1,Other:3,,https://www.jfklibrary.org/about-us/news-and-press/press-releases/remarks-by-president-clinton-in-address-to-the-51st-ge
intelligence.senate.gov,1,Political:1,Political:3,PROTECTED-T1-CANDIDATE,https://www.intelligence.senate.gov/1998/01/28/hearings-current-and-projected-national-security-threats-united-states-ja
news.bbc.co.uk,1,Established:1,Established:3,,http://news.bbc.co.uk/2/hi/middle_east/2167933.stm
documents.un.org,1,Other:1,Other:3,,https://documents.un.org/doc/undoc/gen/g96/647/11/pdf/g9664711.pdf?OpenElement
journalofaccountancy.com,1,Other:1,Other:3,,https://www.journalofaccountancy.com/issues/1998/jan/taxmat.html
upload.wikimedia.org,1,Other:1,Other:3,,https://upload.wikimedia.org/wikipedia/commons/2/27/Federal_Register_1996-01-17-_Vol_61_Iss_11_%28IA_sim_federal-registe
ffiec.gov,1,Government:1,Government:3,GOV-NEEDS-MAPPING(else-quarantine),https://www.ffiec.gov/data/cra/letters/letter_19970903
fsis.usda.gov,1,Political:1,Political:3,GOV-NEEDS-MAPPING(else-quarantine),https://www.fsis.usda.gov/policy/federal-register-rulemaking/federal-register-rules/pathogen-reduction-hazard-analysis-a
haccpalliance.org,1,Other:1,Other:3,,https://www.haccpalliance.org/wp-content/uploads/2022/01/content.pdf
archive.ipcc.ch,1,Other:1,Other:3,,https://archive.ipcc.ch/pdf/climate-changes-1995/ipcc-2nd-assessment/2nd-assessment-en.pdf
nara-media.s3.amazonaws.com,1,Other:1,Other:3,,https://nara-media.s3.amazonaws.com/presidential-libraries/clinton/foia/2009/2009-0541-F/2009-0541-F-PDF/Box_24/42-t-575
www-users.cse.umn.edu,1,Other:1,Other:3,,https://www-users.cse.umn.edu/~odlyzko/doc/internet.size.pdf
sickkids.ca,1,Other:1,Other:3,,https://www.sickkids.ca/en/research/medical-research-history-at-sickkids/discovery-cystic-fibrosis-gene/
michiganmedicine.org,1,Other:1,Other:3,,https://www.michiganmedicine.org/news-release/gene-discovery-changed-cystic-fibrosis-care-and-genetic-research-forever
doi.org,1,Other:1,Other:3,,https://doi.org/10.1126/science.276.5321.2045
jstor.org,1,Other:1,Other:3,,https://www.jstor.org/stable/pdf/24946244.pdf
dl.acm.org,1,Other:1,Other:3,,https://dl.acm.org/doi/pdf/10.1145/240483.240490
w3.org,1,Other:1,Other:3,,https://www.w3.org/People/Berners-Lee/1996/ppf.htm.htm
history.fnal.gov,1,Political:1,Political:3,GOV-NEEDS-MAPPING(else-quarantine),https://history.fnal.gov/historical/computing/birthplace_of_the_web.html
sites.cc.gatech.edu,1,Other:1,Other:3,,https://sites.cc.gatech.edu/gvu/user_surveys/survey-1997-04/bulleted/general_bullets.html
books.google.com,1,Other:1,Other:3,,https://books.google.com/books/about/The_CommerceNet_Nielsen_Internet_Reconta.html?id=dxcQAQAAMAAJ
commdocs.house.gov,1,Political:1,Political:3,GOV-NEEDS-MAPPING(else-quarantine),https://commdocs.house.gov/committees/judiciary/hju41233.000/hju41233_0.HTM
aerospace.org,1,Other:1,Other:3,,https://aerospace.org/sites/default/files/policy_archives/Space%20Station%20Intergovernmental%20Agreement%20Jan98.pdf
hq.nasa.gov,1,Government:1,Government:3,GOV-NEEDS-MAPPING(else-quarantine),https://www.hq.nasa.gov/office/pao/History/presrep98/dos.html
d.lib.msu.edu,1,Other:1,Other:3,,https://d.lib.msu.edu/vvl/4000
si.edu,1,Other:1,Other:3,,https://www.si.edu/spotlight/flag-day/banner-facts
visitthecapitol.gov,1,Political:1,Political:3,GOV-NEEDS-MAPPING(else-quarantine),https://www.visitthecapitol.gov/artifact/star-spangled-banner-original-manuscript-francis-scott-key-september-15-1814
amhistory.si.edu,1,Other:1,Other:3,,https://amhistory.si.edu/starspangledbanner/
visit.archives.gov,1,Government:1,Government:3,GOV-NEEDS-MAPPING(else-quarantine),https://visit.archives.gov/whats-on/founding-documents
scholar.lib.vt.edu,1,Other:1,Other:3,,https://scholar.lib.vt.edu/VA-news/ROA-Times/issues/1996/rt9611/961123/11250159.htm
avalon.law.yale.edu,1,Other:1,Other:2,,https://avalon.law.yale.edu/20th_century/nato.asp
datahub.hhs.gov,1,Government:1,Political:1,GOV-NEEDS-MAPPING(else-quarantine),https://datahub.hhs.gov/Hospital/COVID-19-Reported-Patient-Impact-and-Hospital-Capa/g62h-syeh
www3.weforum.org,1,Other:1,Other:2,,https://www3.weforum.org/docs/WEF_TheGlobalCompetitivenessReport2019.pdf
gh.bmj.com,1,Other:1,Other:2,,https://gh.bmj.com/content/3/5/e000850
cdn.who.int,1,Government:1,Government:1,GOV-NEEDS-MAPPING(else-quarantine),https://cdn.who.int/media/docs/default-source/bulletin/online-first/blt.24.291804.pdf?sfvrsn=e958acce_3
scholar.harvard.edu,1,Other:1,Other:1,,https://scholar.harvard.edu/melissabarber/publications/production-costs-and-potential-prices-biosimilars-human-insulin-a
www2.ed.gov,1,Government:1,Government:1,GOV-NEEDS-MAPPING(else-quarantine),https://www2.ed.gov/documents/coronavirus/lost-instructional-time.pdf
schoolstatefinance.org,1,Other:1,Other:1,,https://schoolstatefinance.org/resource-assets/ESSER-Funding-FAQs.pdf
blogs.loc.gov,1,Government:1,Government:4,GOV-NEEDS-MAPPING(else-quarantine),https://blogs.loc.gov/headlinesandheroes/2022/07/deaths-of-john-adams-and-thomas-jefferson-on-july-4th/
bja.ojp.gov,1,Political:1,Political:1 Government:1,GOV-NEEDS-MAPPING(else-quarantine),https://bja.ojp.gov/program/medalofvalor/recipients/fallen-detective-wilbert-mora-and-fallen-detective-jason-rivera
treaties.un.org,1,Other:1,Other:1,,https://treaties.un.org/pages/showDetails.aspx?objid=080000028016226c
trumanlibrary.gov,1,Political:1,Government:1,GOV-NEEDS-MAPPING(else-quarantine),https://www.trumanlibrary.gov/library/public-papers/68/address-occasion-signing-north-atlantic-treaty
wwwkc.fiscal.treasury.gov,1,Government:1,Government:1,PROTECTED-T1-CANDIDATE,https://wwwkc.fiscal.treasury.gov/reports-statements/financial-report/2022/statements-of-change-cash-balance.html
myemail.constantcontact.com,1,Other:1,Other:1,,https://myemail.constantcontact.com/COVID-19-Updates---February-3--2022.html?soid=1107826135286&aid=DrKJPG1rBDw
data.worldbank.org,1,Other:1,Other:1,,https://data.worldbank.org/indicator/NY.GDP.MKTP.KD.ZG?locations=US
docs.house.gov,1,Political:1,Government:1,GOV-NEEDS-MAPPING(else-quarantine),https://docs.house.gov/meetings/PW/PW00/20230201/115263/HHRG-118-PW00-20230201-SD002.pdf
rpc.senate.gov,1,Political:1,Government:1,PROTECTED-T1-CANDIDATE,https://www.rpc.senate.gov/policy-papers/hr1319_american-rescue-plan-act-of-2021_final-text
minneapolisfed.org,1,Other:1,Other:1,,https://www.minneapolisfed.org/about-us/monetary-policy/inflation-calculator/consumer-price-index-1913-
tjrs.monticello.org,1,Other:1,Other:1,,https://tjrs.monticello.org/letter/1891
lva.virginia.gov,1,Political:1,Government:1,GOV-NEEDS-MAPPING(else-quarantine),https://www.lva.virginia.gov/collections/educator-resources/online-classroom/stc/people/thomas-jefferson
trumprx.gov,1,Political:1,Government:7,GOV-NEEDS-MAPPING(else-quarantine),https://trumprx.gov/p/gonal-f
img3.washingtonpost.com,1,Established:1,Established:1,,https://img3.washingtonpost.com/wp-intelligence/health-brief/2026/02/06/trumprxs-price-problem/
nysenate.gov,1,Political:1,Government:1,GOV-NEEDS-MAPPING(else-quarantine),https://www.nysenate.gov/legislation/resolutions/2021/2021-k606
vault.fbi.gov,1,Political:1,Political:3,PROTECTED-T1-CANDIDATE,https://vault.fbi.gov/9-11%20Commission%20Report/9-11-investigation-2004-07-jul/view
cidcm.umd.edu,1,Other:1,Other:3,,https://cidcm.umd.edu/sites/cidcm.umd.edu/files/peace_and_conflict_2005.pdf
christianpost.com,1,Other:1,Other:3,,https://www.christianpost.com/news/freedom-house-notes-progress-in-global-freedom-in-new-report.html
2001--2009-state-gov.translate.goog,1,Other:1,Other:3,,https://2001--2009-state-gov.translate.goog/p/nea/rls/31694.htm
cgdev.org,1,Other:1,Other:3,,https://www.cgdev.org/sites/default/files/5539_file_WP_73.pdf
unodc.org,1,Other:1,Other:3,,https://www.unodc.org/documents/research/Africa_%20Report_full_2005.pdf
oig.justice.gov,1,Political:1,Political:3,GOV-NEEDS-MAPPING(else-quarantine),https://oig.justice.gov/special/s0606/final.pdf
cia.gov,1,Political:1,Political:3,GOV-NEEDS-MAPPING(else-quarantine),https://www.cia.gov/readingroom/docs/DOC_0006184107.pdf
publicintegrity.org,1,Other:1,Other:3,,https://publicintegrity.org/politics/agencies-failed-to-share-intelligence-on-9-11-terrorists/
eff.org,1,Other:1,Other:3,,https://www.eff.org/files/filenode/foia_C0705278/022908_ex_a-d_0.pdf
fas.org,1,Other:1,Other:3,,https://fas.org/sgp/news/2006/01/pelosi010306.html
sfgate.com,1,Other:1,Other:3,,https://www.sfgate.com/politics/article/Text-of-President-Bush-s-State-of-the-Union-2523564.php
cms.hhs.gov,1,Government:1,Government:3,GOV-NEEDS-MAPPING(else-quarantine),https://www.cms.hhs.gov/reportstrustfunds/downloads/tr2005.pdf
contemporaryobgyn.net,1,Other:1,Other:3,,https://www.contemporaryobgyn.net/view/president-bush-highlights-liability-crisis-obgyn
eia.doe.gov,1,Political:1,Political:3,GOV-NEEDS-MAPPING(else-quarantine),http://www.eia.doe.gov/emeu/mer/pdf/pages/sec1_15.pdf
gutenberg.org,1,Other:1,Other:3,,https://www.gutenberg.org/cache/epub/27509/pg27509-images.html
afdc.energy.gov,1,Government:1,Government:3,GOV-NEEDS-MAPPING(else-quarantine),https://afdc.energy.gov/data/10621
markey.senate.gov,1,Political:1,Political:3,PROTECTED-T1-CANDIDATE,https://www.markey.senate.gov/news/press-releases/february-6-2006-the-presidents-energy-budget-doesnt-reflect-state-of-t
hydrogen.energy.gov,1,Government:1,Government:3,GOV-NEEDS-MAPPING(else-quarantine),https://www.hydrogen.energy.gov/pdfs/5025_advanced_energy_initiative.pdf
nationsreportcard.gov,1,Political:1,Political:3,GOV-NEEDS-MAPPING(else-quarantine),https://www.nationsreportcard.gov/reading_math_2005/s0002.aspx
nagb.gov,1,Political:1,Political:3,GOV-NEEDS-MAPPING(else-quarantine),https://www.nagb.gov/content/dam/nagb/en/documents/newsroom/naep-releases/2005-math-reading/Math%20and%20Reading%202005%
nj.gov,1,Political:1,Political:3,GOV-NEEDS-MAPPING(else-quarantine),https://www.nj.gov/education/news/2005/1019naep.pdf
archives.fbi.gov,1,Political:1,Political:3,PROTECTED-T1-CANDIDATE,https://archives.fbi.gov/archives/news/stories/2005/october/crimestats_101705
www2.fbi.gov,1,Political:1,Political:3,PROTECTED-T1-CANDIDATE,https://www2.fbi.gov/ucr/cius_04/index.html
peerta.acf.hhs.gov,1,Political:1,Political:3,GOV-NEEDS-MAPPING(else-quarantine),https://www.peerta.acf.hhs.gov/content/indicators-welfare-dependence-annual-report-congress-2004
deepblue.lib.umich.edu,1,Other:1,Other:3,,https://deepblue.lib.umich.edu/bitstream/2027.42/137791/1/overview2005.pdf
oas.samhsa.gov,1,Political:1,Political:3,GOV-NEEDS-MAPPING(else-quarantine),https://oas.samhsa.gov/NSDUH/2k4/2k4results/2k4results.htm
wyden.senate.gov,1,Political:1,Political:3,PROTECTED-T1-CANDIDATE,https://www.wyden.senate.gov/news/press-releases/statement-of-senator-ron-wyden-on-the-retirement-of-justice-sandra-day-
supremecourthistory.org,1,Other:1,Other:3,,https://supremecourthistory.org/associate-justices/sandra-day-oconnor-1981-2006/
columbia.edu,1,Other:1,Other:3,,https://www.columbia.edu/itc/journalism/cases/katrina/Army/Army%20Corps%20of%20Engineers/IPET%20Report%20Jan%2010%202006
data.unaids.org,1,Other:1,Other:3,,https://data.unaids.org/publications/irc-pub06/epi_update2005_en.pdf
content.govdelivery.com,1,Other:1,Other:4,,https://content.govdelivery.com/accounts/USDAOC/bulletins/5f7933?reqfrom=share
timesunion.com,1,Other:1,Other:4,,https://www.timesunion.com/business/article/Surprisingly-weak-jobs-report-puzzles-economists-5132521.php
opec.org,1,Other:1,Other:4,,https://www.opec.org/opec_web/static_files_project/media/downloads/publications/MOMR_December_2013.pdf
news.yahoo.com,1,Other:1,Other:4,,https://news.yahoo.com/u-high-school-graduation-rate-reaches-record-80-203040995.html
eml.berkeley.edu,1,Other:1,Other:4,,https://eml.berkeley.edu/~saez/saez-UStopincomes-2013.pdf
washington.edu,1,Other:1,Other:3,,https://www.washington.edu/opb/2014/01/
americansfortaxfairness.org,1,Other:1,Other:4,,https://americansfortaxfairness.org/files/OPENING-STMT-LEVIN-Carl-Offshore-Profit-Shifting-Apple-5-21-13.pdf
ourmidland.com,1,Other:1,Other:4,,https://www.ourmidland.com/news/article/State-of-the-Union-analysis-After-bad-year-6926888.php
industryweek.com,1,Other:1,Other:6,,https://www.industryweek.com/the-economy/competitiveness/article/21966447/reshoring-gaining-strength-among-large-manufac
globenewswire.com,1,Other:1,Other:6,,https://www.globenewswire.com/news-release/2013/09/24/924081/0/en/Majority-of-Large-Manufacturers-Are-Now-Planning-or-Co
obamalibrary.archives.gov,1,Government:1,Government:77,GOV-NEEDS-MAPPING(else-quarantine),https://obamalibrary.archives.gov/sites/default/files/uploads/documents/State%20of%20the%20Union%20Address%202014%20%28T
americamakes.us,1,Other:1,Other:3,,https://www.americamakes.us/america-makes-cited-president-state-union-address/
ibtimes.com,1,Other:1,Other:4,,https://www.ibtimes.com/state-union-2014-obama-pushes-more-high-tech-manufacturing-hubs-1550693
colemanreport.com,1,Other:1,Other:3,,https://colemanreport.com/bob-coleman-featured-in-numerous-publications-2/
newsismybusiness.com,1,Other:1,Other:6,,https://newsismybusiness.com/sba-supports-record-30-2b-in-loans-in-fiscal-12/
nationalgeographic.com,1,Other:1,Other:3,,https://www.nationalgeographic.com/science/article/140131-natural-gas-manufacturing-jobs
downloads.regulations.gov,1,Political:1,Political:3,GOV-NEEDS-MAPPING(else-quarantine),https://downloads.regulations.gov/EPA-HQ-OAR-2017-0357-0051/attachment_4.pdf
sciencecoalition.org,1,Other:1,Other:4,,https://www.sciencecoalition.org/downloads/1390490336mitpetersingerfederallysupportedinnovationswhitepaperjan2014-21.pdf
blogs.reuters.com,1,Wire:1,Wire:3,,https://blogs.reuters.com/breakingviews/2014/01/03/u-s-utilities-face-german-style-solar-burn/
eta-publications.lbl.gov,1,Political:1,Political:4,GOV-NEEDS-MAPPING(else-quarantine),https://eta-publications.lbl.gov/sites/default/files/lbnl-6350e.pdf
19january2021snapshot.epa.gov,1,Government:1,Government:4,GOV-NEEDS-MAPPING(else-quarantine),https://19january2021snapshot.epa.gov/regulations-emissions-vehicles-and-engines/final-rule-model-year-2017-and-later-li
eesi.org,1,Other:1,Other:4,,https://www.eesi.org/articles/view/fuel-economy-standards-to-reach-54.5-mpg-by-2025
hamiltonproject.org,1,Other:1,Other:4,,https://www.hamiltonproject.org/assets/legacy/files/downloads_and_links/THP_15WaysRethinkFedDeficit_Feb13_rev.pdf
michiganradio.org,1,Other:1,Other:4,,https://www.michiganradio.org/business/2014-02-03/how-detroit-manufacturing-systems-hired-hundreds-of-workers-in-the-cit
indianz.com,1,Other:1,Other:8,,https://indianz.com/News/2014/012357.asp
crainsdetroit.com,1,Other:1,Other:4,,https://www.crainsdetroit.com/article/20120626/FREE/120629946/joint-venture-detroit-manufacturing-systems-names-top-exec
chicago.suntimes.com,1,Other:1,Other:19,,https://chicago.suntimes.com/news/2014/1/28/18598685/jobless-oak-park-woman-misty-demars-white-house-guest-at-state-of-t
thompson.house.gov,1,Political:1,Political:4,GOV-NEEDS-MAPPING(else-quarantine),https://thompson.house.gov/international-energy-agency-us-carbon-emissions-down-more-any-other-country-why
oui.doleta.gov,1,Political:1,Political:3,GOV-NEEDS-MAPPING(else-quarantine),https://oui.doleta.gov/unemploy/supp_act.asp
democrats-waysandmeans.house.gov,1,Political:1,Political:3,GOV-NEEDS-MAPPING(else-quarantine),http://democrats-waysandmeans.house.gov/hot-topics/unemployment-insurance
dnainfo.com,1,Other:1,Other:4,,https://www.dnainfo.com/new-york/20140120/washington-heights/president-obama-praises-washington-heights-high-schooler/
possefoundation.org,1,Other:1,Other:4,,https://www.possefoundation.org/news-and-events/obama-highlights-scholar-in-state-of-the-union
thejournal.com,1,Other:1,Other:4,,https://thejournal.com/articles/2013/06/06/president-obama-reveals-initiative.aspx
ntia.gov,1,Political:1,Political:4,GOV-NEEDS-MAPPING(else-quarantine),https://www.ntia.gov/blog/2013/connecting-america-s-schools-next-generation-broadband
engadget.com,1,Other:1,Other:4,,https://www.engadget.com/2013/06/06/connected-program-may-deliver-100mbps-broadband-to-students/
ecs.org,1,Other:1,Other:3,,https://www.ecs.org/clearinghouse/01/10/34/11034.pdf
archive.legmt.gov,1,Political:1,Political:3,GOV-NEEDS-MAPPING(else-quarantine),https://archive.legmt.gov/content/Committees/Interim/2013-2014/Education-and-Local-Government/Meetings/February-2014/NCS
appleinsider.com,1,Other:1,Other:4,,https://appleinsider.com/articles/14/01/28/president-obama-lauds-partnership-with-apple-other-tech-firms-in-connected-pr
nysed.gov,1,Political:1,Political:4,GOV-NEEDS-MAPPING(else-quarantine),https://www.nysed.gov/sites/default/files/programs/curriculum-instruction/nys-rttt-usdoe-executive-summary.pdf
huffpost.com,1,Other:1,Other:4,,https://www.huffpost.com/entry/gender-wage-gap_n_3941180
democrats-edworkforce.house.gov,1,Political:1,Political:4,GOV-NEEDS-MAPPING(else-quarantine),https://democrats-edworkforce.house.gov/media/press-releases/joined-by-business-leaders-and-workers-sen-harkin-rep-mille
hbr.org,1,Other:1,Other:4,,https://hbr.org/2012/01/why-good-jobs-are-good-for-retailers
ebri.org,1,Other:1,Other:4,,https://www.ebri.org/docs/default-source/ebri-pnotes/ebri_notes_08_aug-13_retpart-cehcs1.pdf?sfvrsn=ab28362f_0
littler.com,1,Other:1,Other:3,,https://www.littler.com/news-analysis/asap/state-minimum-wages-2013
yaledailynews.com,1,Other:1,Other:3,,https://yaledailynews.com/blog/2014/01/21/connecticut-a-model-for-democrat-wage-push/
archive.ca.gov,1,Political:1,Political:3,GOV-NEEDS-MAPPING(else-quarantine),https://archive.ca.gov/archive/gov39/2013/09/25/news18224/index.html
budget.ny.gov,1,Political:1,Political:3,GOV-NEEDS-MAPPING(else-quarantine),https://www.budget.ny.gov/pubs/press/2013/pressRelease13_enactedBudgetReleased.html
otda.ny.gov,1,Political:1,Political:3,GOV-NEEDS-MAPPING(else-quarantine),https://otda.ny.gov/policy/directives/2013/INF/13-INF-08.pdf
rilegislature.gov,1,Political:1,Political:3,GOV-NEEDS-MAPPING(else-quarantine),https://www.rilegislature.gov/pressrelease/Lists/PressReleases/DispForm.aspx?ID=9093
multpl.com,1,Other:1,Other:4,,https://www.multpl.com/s-p-500-historical-prices/table/by-year
money.cnn.com,1,Other:1,Other:4,,https://money.cnn.com/2013/12/31/investing/stocks-markets/
cronkitenewsonline.com,1,Other:1,Other:8,,http://cronkitenewsonline.com/2014/01/five-arizonans-among-24-people-sitting-with-first-lady-for-state-of-the-union/
daytondailynews.com,1,Other:1,Other:4,,https://www.daytondailynews.com/news/national/guest-join-first-lady-for-speech/nAUUhdbGBUoMbgPGFa1ENI/
sparkinstitute.org,1,Other:1,Other:6,,https://www.sparkinstitute.org/content-files/treasury_dept_myra_fact_sheet_2-4-14.pdf
treasury.gov,1,Political:1,Political:3,PROTECTED-T1-CANDIDATE,https://www.treasury.gov/press-center/press-releases/Pages/jl2272.aspx
18f.github.io,1,Other:1,Other:6,,https://18f.github.io/myra/resources/myRA_About.pdf
web.mit.edu,1,Other:1,Other:4,,https://web.mit.edu/supportthevoter/www/files/2014/01/Amer-Voting-Exper-final-draft-01-09-14-508.pdf
leahy.senate.gov,1,Political:1,Political:4,PROTECTED-T1-CANDIDATE,https://www.leahy.senate.gov/press/leahy-sensenbrenner-and-conyers-lead-bipartisan-bicameral-introduction-of-legislation
stateoig.gov,1,Political:1,Political:4,GOV-NEEDS-MAPPING(else-quarantine),https://www.stateoig.gov/uploads/report/report_pdf_file/aud-mero-13-33_1.pdf
intelligence.gov,1,Political:1,Political:4,GOV-NEEDS-MAPPING(else-quarantine),https://www.intelligence.gov/assets/documents/archive/2014%20WWTA%20%20SFR_SSCI_29_Jan.pdf
dod.defense.gov,1,Political:1,Political:3,GOV-NEEDS-MAPPING(else-quarantine),https://dod.defense.gov/Portals/1/Documents/pubs/October_1230_Report_Master_Nov7.pdf
hks.harvard.edu,1,Other:1,Other:4,,https://www.hks.harvard.edu/publications/progress-securing-nuclear-weapons-and-materials-four-year-effort-and-beyond
opcw.org,1,Other:1,Other:4,,https://www.opcw.org/media-centre/news/2014/01/first-priority-chemicals-syria-transported-latakia-and-removed-country
eeas.europa.eu,1,Other:1,Other:4,,http://eeas.europa.eu/statements/docs/2013/131124_03_en.pdf
terrorism-info.org.il,1,Other:1,Other:4,,https://www.terrorism-info.org.il/en/20524/
casacolina.org,1,Other:1,Other:4,,https://www.casacolina.org/documents/content/Keystone_2013_web.pdf
obamalibrary.gov,1,Political:1,Political:4,GOV-NEEDS-MAPPING(else-quarantine),https://www.obamalibrary.gov/sites/default/files/uploads/documents/State%20of%20the%20Union%20Address%202014%20%28TRANSC
carnegieendowment.org,1,Other:1,Other:4,,https://carnegieendowment.org/europe/strategic-europe/2014/01/what-obamas-state-of-the-union-means-for-europe?lang=en
m.75thrra.org,1,Other:1,Other:4,,https://m.75thrra.org/patrolling/2013_4.pdf
download.bls.gov,1,Government:1,Government:3,PROTECTED-T1-CANDIDATE,https://download.bls.gov/pub/time.series/ce/ce.data.05a.TotalPrivate.Employment
gse.harvard.edu,1,Other:1,Other:3,,https://www.gse.harvard.edu/ideas/news/14/01/long-participate-white-house-summit
colorado.edu,1,Other:1,Other:3,,https://www.colorado.edu/csl/white-house-college-opportunity-initiative
e-learning.commerce.gov,1,Political:1,Political:3,GOV-NEEDS-MAPPING(else-quarantine),https://e-learning.commerce.gov/news/press-releases/2014/06/17/us-commerce-secretary-penny-pritzker-touts-strategic-bene
manpowergroup.com,1,Other:1,Other:3,,https://www.manpowergroup.com/en/insights/report/q2-2026-manpowergroup-employment-outlook-survey
archive.mbda.gov,1,Political:1,Political:3,GOV-NEEDS-MAPPING(else-quarantine),https://archive.mbda.gov/news/blog/2011/10/jobs-act-loan-incentives-led-record-sba-loan-approval-volume.html
nrel.gov,1,Political:1,Political:3,GOV-NEEDS-MAPPING(else-quarantine),https://www.nrel.gov/docs/fy14osti/62016.pdf
studentclearinghouse.org,1,Other:1,Other:3,,https://www.studentclearinghouse.org/verify/
doczz.net,1,Other:1,Other:3,,https://doczz.net/doc/8474874/president-cites-ecs-research---education-commission-of-th...
districtadministration.com,1,Other:1,Other:3,,https://districtadministration.com/article/states-increase-pre-k-funding/
archive.gov.ca.gov,1,Political:1,Political:3,GOV-NEEDS-MAPPING(else-quarantine),https://archive.gov.ca.gov/archive/gov39/2013/09/25/news18224/index.html
webserver.rilegislature.gov,1,Government:1,Government:3,GOV-NEEDS-MAPPING(else-quarantine),https://webserver.rilegislature.gov/BillText26/HouseText26/H7441.htm
journals.sagepub.com,1,Other:1,Other:3,,https://journals.sagepub.com/doi/10.1177/1091142111401008
researchgate.net,1,Other:1,Other:3,,https://www.researchgate.net/publication/5211387_Income_Mobility_and_the_Earned_Income_Tax_Credit
treasurydirect.gov,1,Government:1,Government:3,GOV-NEEDS-MAPPING(else-quarantine),https://www.treasurydirect.gov/research-center/myra/
tsp.gov,1,Government:1,Government:3,GOV-NEEDS-MAPPING(else-quarantine),https://www.tsp.gov/PDF/formspubs/GFund.pdf
einpresswire.com,1,Other:1,Other:3,,https://www.einpresswire.com/article/185220084/nearly-2-2-million-americans-selected-plans-in-the-health-insurance-marke
defenselink.mil,1,Government:1,Government:3,GOV-NEEDS-MAPPING(else-quarantine),https://www.defenselink.mil/comptroller/defbudget/fy2009/Supplemental/FY_2009_Supplemental_Request/pdfs/FY_2009_Suppleme
sigar.mil,1,Government:1,Government:3,GOV-NEEDS-MAPPING(else-quarantine),https://www.sigar.mil/pdf/audits/SIGAR_14-30-AR.pdf
laist.com,1,Other:1,Other:2,,https://laist.com/brief/news/criminal-justice/mayor-bass-pushes-back-on-trumps-vow-to-make-la-safe
dcjusticelab.org,1,Other:1,Other:2,,https://dcjusticelab.org/wp-content/uploads/2026/02/DCJL.CrimeDropFactSheet.2.4.2026.2.pdf
mayor.dc.gov,1,Political:1,Government:2,GOV-NEEDS-MAPPING(else-quarantine),https://mayor.dc.gov/release/mayor-bowser-announces-100th-illegal-cannabis-business-closure-emergency-amendment-act-2024
ams.usda.gov,1,Political:1,Government:2,GOV-NEEDS-MAPPING(else-quarantine),https://www.ams.usda.gov/mnreports/ams_3725.pdf
airandspaceforces.com,1,Other:1,Other:3,,https://www.airandspaceforces.com/wv-air-guardsman-dc-attack-rehabilitation/
courthousenews.com,1,Other:1,Other:2,,https://www.courthousenews.com/wp-content/uploads/2026/02/lakanwal-fbi-affidavit-guns-national-guard-shooter.pdf
primarynewssource.org,1,Other:1,Other:2,,https://primarynewssource.org/sourcedocument/border-crossings-once-again-at-a-record-low-in-november-2025/
hstoday.us,1,Other:1,Other:2,,https://www.hstoday.us/subject-matter-areas/border-security/u-s-border-patrol-records-zero-parole-releases-for-eighth-co
archive.is,1,Other:1,Other:2,,https://archive.is/2026.01.18-171411/https%3A/www.cbp.gov/newsroom/stats/nationwide-encounters
publicnow.com,1,Other:1,Other:2,,https://www.publicnow.com/view/3CB46C1EB3178E4C4DFCB68821ACEC48E1B7BC90
americanimmigrationcouncil.org,1,Other:1,Other:2,,https://www.americanimmigrationcouncil.org/fact-sheet/fentanyl-smuggling/
dps.texas.gov,1,Political:1,Government:2,GOV-NEEDS-MAPPING(else-quarantine),https://www.dps.texas.gov/crimereports/25/cit_2025_q1_trends.pdf
inflationdata.com,1,Other:1,Other:2,,https://inflationdata.com/articles/historical-u-s-inflation-and-cpi-index/
fox40.com,1,Other:1,Other:2,,https://fox40.com/news/california-connection/california-gas-prices-record-cost/
oilprice.com,1,Other:1,Other:2,,https://oilprice.com/Latest-Energy-News/World-News/Strait-of-Hormuz-Fears-Send-California-Gas-Past-6-a-Gallon.html
bts.gov,1,Political:1,Government:2,GOV-NEEDS-MAPPING(else-quarantine),https://www.bts.gov/newsroom/motor-fuel-prices-february-2026-0
newsroom.aaa.com,1,Other:1,Other:2,,https://newsroom.aaa.com/2026/02/gas-prices-edge-higher-as-february-kicks-off/
info.oregon.aaa.com,1,Other:1,Other:2,,https://info.oregon.aaa.com/olympic-pipeline-issues-refinery-maintenance-iran-tensions-drive-gas-prices-higher/
1380kcim.com,1,Other:1,Other:2,,https://www.1380kcim.com/2026/02/26/iowa-fuel-report-feb-25-2026/
gaspriceguy.substack.com,1,Other:1,Other:2,,https://gaspriceguy.substack.com/p/the-real-state-of-fuel-prices-what
fueleconomy.gov,1,Political:1,Government:2,GOV-NEEDS-MAPPING(else-quarantine),https://www.fueleconomy.gov/feg/gasprices/states/IA.shtml
fhfa.gov,1,Government:1,Government:2,GOV-NEEDS-MAPPING(else-quarantine),https://www.fhfa.gov/document/d/fprp/fpr-fpm-report-february-2026.pdf
consumerfinance.gov,1,Government:1,Government:2,GOV-NEEDS-MAPPING(else-quarantine),https://www.consumerfinance.gov/data-research/research-reports/data-spotlight-the-impact-of-changing-mortgage-interest-r
wisn.com,1,Other:1,Other:3,,https://www.wisn.com/article/fact-check-trumps-sotu-building-wealth/70503388
fdiintelligence.com,1,Other:1,Other:2,,https://www.fdiintelligence.com/content/21cfc9fe-4a00-51a2-9277-a0760a15443d
aerotek.com,1,Other:1,Other:2,,https://www.aerotek.com/en/insights/february-2026-market-trends-report
enr.com,1,Other:1,Other:2,,https://www.enr.com/articles/62507-bls-construction-jobs-up-in-january
roic.ai,1,Other:1,Other:2,,https://www.roic.ai/news/venezuelas-oil-exports-surge-to-800000-bpd-in-january-us-emerges-as-top-destination-02-02-2026
energynow.com,1,Other:1,Other:2,,https://energynow.com/2026/02/us-natgas-output-to-hit-record-high-in-2026-while-demand-holds-steady-eia-says/
publicpower.org,1,Other:1,Other:2,,https://www.publicpower.org/periodical/article/us-natural-gas-production-reached-new-record-2025-eia
gsa.gov,1,Political:1,Government:2,GOV-NEEDS-MAPPING(else-quarantine),https://www.gsa.gov/directives-library/termination-of-dei-policies-and-directives-at-us-general-services-administration-
fna.usda.gov,1,Political:1,Government:2,GOV-NEEDS-MAPPING(else-quarantine),https://www.fna.usda.gov/pd/supplemental-nutrition-assistance-program-snap
fns.usda.gov,1,Political:1,Government:2,GOV-NEEDS-MAPPING(else-quarantine),https://www.fns.usda.gov/pd/supplemental-nutrition-assistance-program-snap
ccagw.org,1,Other:1,Other:2,,https://ccagw.org/first-year-of-trump-presidency-achieves-dramatic-cuts-in-federal-regulations/
newsroom.olympics.com,1,Other:1,Other:2,,https://newsroom.olympics.com/record/1675
longbeach.gov,1,Political:1,Government:2,GOV-NEEDS-MAPPING(else-quarantine),https://www.longbeach.gov/globalassets/city-manager/media-library/documents/memos-to-the-mayor-tabbed-file-list-folders/
history.army.mil,1,Government:1,Government:2,GOV-NEEDS-MAPPING(else-quarantine),https://www.history.army.mil/brochures/luzon/72-28.htm
ust.edu.ph,1,Other:1,Other:2,,https://www.ust.edu.ph/liberation-of-santo-tomas-internment-camp-remembered-on-80th-anniversary/
legislature.vermont.gov,1,Government:1,Government:2,GOV-NEEDS-MAPPING(else-quarantine),https://legislature.vermont.gov/Documents/2026/Docs/ACTS/ACTR348/ACTR348%20As%20Adopted.pdf
abmc.gov,1,Political:1,Government:2,GOV-NEEDS-MAPPING(else-quarantine),https://www.abmc.gov/news-events/news/community-veterans-gather-to-commemorate-80-years-since-liberation-of-manila/
earthdata.nasa.gov,1,Government:1,Government:4,GOV-NEEDS-MAPPING(else-quarantine),https://www.earthdata.nasa.gov/dashboard/stories/tx-flood
nesdis.noaa.gov,1,Government:1,Government:2,GOV-NEEDS-MAPPING(else-quarantine),https://www.nesdis.noaa.gov/news/noaa-satellites-inform-warning-the-texas-hill-country-floods
forecast.weather.gov,1,Political:1,Government:2,GOV-NEEDS-MAPPING(else-quarantine),https://forecast.weather.gov/product.php?format=TXT&glossary=1&issuedby=EWX&product=FFW&site=EWX&version=34
svs.gsfc.nasa.gov,1,Government:1,Government:2,GOV-NEEDS-MAPPING(else-quarantine),https://svs.gsfc.nasa.gov/5595
olympus.soc.texas.gov,1,Political:1,Government:2,GOV-NEEDS-MAPPING(else-quarantine),https://olympus.soc.texas.gov/services/Sitrep/GetFile.aspx?id=15350
news4sanantonio.com,1,Other:1,Other:4,,https://news4sanantonio.com/news/local/flooding-hero-scott-ruskin-recognized-by-president-trump-for-rescuing-165-people-
guest.house.gov,1,Political:1,Government:4,GOV-NEEDS-MAPPING(else-quarantine),https://guest.house.gov/media/in-the-news/congressman-honor-us-coast-guardsman-who-saved-165-people-texas-flood-rescue
foxsanantonio.com,1,Other:1,Other:2,,https://foxsanantonio.com/newsletter-daily/flooding-hero-scott-ruskin-recognized-by-president-trump-for-rescuing-165-peo
gonzales.house.gov,1,Political:1,Government:2,GOV-NEEDS-MAPPING(else-quarantine),https://gonzales.house.gov/2025/7/rep-tony-gonzales-honors-coast-guard-rescue-swimmer-scott-ruskan-in-u-s-house-for-savi
northwesternmutual.com,1,Other:1,Other:3,,https://www.northwesternmutual.com/life-and-money/what-you-need-to-know-about-the-new-deduction-for-interest-on-car-loan
ap.org,1,Other:1,Other:2,,https://www.ap.org/news-highlights/spotlights/2025/michael-and-susan-dell-donate-6-25-billion-to-encourage-families-to-c
dc.fortune.com,1,Other:1,Other:2,,https://dc.fortune.com/2026/02/22/us-trade-deals-partners-trump-tariffs-section-122-supreme-court
elcajon.gov,1,Political:1,Government:2,GOV-NEEDS-MAPPING(else-quarantine),https://www.elcajon.gov/home/showpublisheddocument/28758/638721199959100000
oig.dhs.gov,1,Political:1,Government:2,GOV-NEEDS-MAPPING(else-quarantine),https://www.oig.dhs.gov/sites/default/files/assets/2024-07/OIG-24-39-Jul24.pdf
perc.tamu.edu,1,Other:1,Other:2,,https://perc.tamu.edu/blog/2025/02/biden-admin-inflation.html
republicanleader.senate.gov,1,Political:1,Government:2,PROTECTED-T1-CANDIDATE,https://www.republicanleader.senate.gov/newsroom/research/inflation-remains-well-above-normal-levels-because-of-bidens-e
insurance.utah.gov,1,Political:1,Government:2,GOV-NEEDS-MAPPING(else-quarantine),https://insurance.utah.gov/wp-content/uploads/2024HealthMarketReport.pdf
scc.virginia.gov,1,Political:1,Government:2,GOV-NEEDS-MAPPING(else-quarantine),https://www.scc.virginia.gov/media/sccvirginiagov-home/regulated-industries/insurance/insurance-companies/for-companies/
doi.nv.gov,1,Political:1,Government:2,GOV-NEEDS-MAPPING(else-quarantine),https://doi.nv.gov/uploadedFiles/doi.nv.gov/Content/News_and_Notices/NDOI%20IMR%202025%20Final.pdf
today.uconn.edu,1,Other:1,Other:2,,https://today.uconn.edu/2024/10/drug-prices-improved-under-last-two-administrations-but-not-for-everyone-and-not-enough/
democrats-energycommerce.house.gov,1,Political:1,Government:2,GOV-NEEDS-MAPPING(else-quarantine),https://democrats-energycommerce.house.gov/sites/evo-subsites/democrats-energycommerce.house.gov/files/evo-media-documen
pharmaceuticalcommerce.com,1,Other:1,Other:2,,https://www.pharmaceuticalcommerce.com/view/trumprx-launches-with-mfn-based-drug-discounts
prod.millercenter.org,1,Other:1,Other:2,,https://prod.millercenter.org/the-presidency/presidential-speeches/february-24-2026-state-union-address
managedhealthcareexecutive.com,1,Other:1,Other:2,,https://www.managedhealthcareexecutive.com/view/in-record-long-state-of-the-union-trump-devotes-less-than-five-minutes-t
ferc.gov,1,Political:1,Government:2,GOV-NEEDS-MAPPING(else-quarantine),https://ferc.gov/news-events/news/fact-sheet-ferc-directs-nations-largest-grid-operator-create-new-rules-embrace
globalenergymonitor.org,1,Other:1,Other:2,,https://globalenergymonitor.org/research/betting-big-data-centers-us-now-leads-world-new-gas-power-development
gtlaw.com,1,Other:1,Other:2,,https://www.gtlaw.com/en/insights/2026/1/trump-signs-executive-order-on-institutional-investors-and-single-family-home-p
workplace.vanguard.com,1,Other:1,Other:2,,https://workplace.vanguard.com/content/dam/inst/iig-transformation/insights/pdf/2025/has/2025_How_America_Saves.pdf
ici.org,1,Other:1,Other:2,,https://www.ici.org/files/2026/26-rpt-am-views-dc-plans.pdf
corporate.vanguard.com,1,Other:1,Other:2,,https://corporate.vanguard.com/content/dam/corp/research/pdf/how_america_saves_report_2025.pdf
eig.org,1,Other:1,Other:4,,https://eig.org/whos-left-out-of-americas-retirement-savings-system/
plansponsor.com,1,Other:1,Other:3,,https://www.plansponsor.com/40-6m-full-time-us-workers-lack-access-to-retirement-plan-per-eig/
developtoolmn.org,1,Other:1,Other:2,,https://www.developtoolmn.org/dhs/program-integrity/factcheck/index.jsp
mn.gov,1,Political:1,Government:2,GOV-NEEDS-MAPPING(else-quarantine),https://mn.gov/dhs/program-integrity/factcheck/index.jsp
kstp.com,1,Other:1,Other:2,,https://kstp.com/kstp-news/top-news/half-or-more-of-18-billion-billed-through-state-programs-tied-to-fraud/
minnesotareformer.com,1,Other:1,Other:2,,https://minnesotareformer.com/2025/12/18/u-s-attorney-fraud-likely-exceeds-9-billion-in-minnesota-run-medicaid-services/
smallbusiness.house.gov,1,Political:1,Government:2,GOV-NEEDS-MAPPING(else-quarantine),https://smallbusiness.house.gov/news/documentsingle.aspx?DocumentID=407357
transparency.org,1,Other:1,Other:2,,https://www.transparency.org/en/countries/somalia
city-journal.org,1,Other:1,Other:2,,https://www.city-journal.org/article/minnesota-somali-fraud-al-shabaab-terrorists-immigration-welfare
banks.senate.gov,1,Political:1,Government:4,PROTECTED-T1-CANDIDATE,https://www.banks.senate.gov/news/press-releases/senator-banks-introduces-the-dalilah-law-to-get-illegal-truckers-off-am
kmph.com,1,Other:1,Other:3,,https://kmph.com/news/local/bakersfield-family-meets-detained-immigrant-behind-crash-that-left-daughter-brain-injured
thenationaldesk.com,1,Other:1,Other:4,,https://thenationaldesk.com/news/americas-news-now/coleman-family-advocates-for-states-to-pass-dalilahs-law-after-tragic
opportunity.lacounty.gov,1,Political:1,Government:2,GOV-NEEDS-MAPPING(else-quarantine),https://opportunity.lacounty.gov/wp-content/uploads/2026/02/LAEDCxDEO_Immigration-Enforcment-Report-2026.02.01.pdf
qr.dmv.ca.gov,1,Political:1,Government:2,GOV-NEEDS-MAPPING(else-quarantine),https://qr.dmv.ca.gov/portal/driver-education-and-safety/educational-materials/sample-driver-license-dl-knowledge-tests/
jacksonconews.com,1,Other:1,Other:2,,https://www.jacksonconews.com/article/23%2Caccused-killer-of-lizbeth-medina-indicted-for-capital-murder
expressnews.com,1,Other:1,Other:2,,https://www.expressnews.com/news/article/lizbeth-medina-rafael-romero-capital-murder-18655989.php
tracreports.org,1,Other:1,Other:2,,https://tracreports.org/reports/756/
dailypress.senate.gov,1,Political:1,Government:2,PROTECTED-T1-CANDIDATE,https://www.dailypress.senate.gov/thursday-february-12-2026/
georgiarecorder.com,1,Other:1,Other:2,,https://georgiarecorder.com/briefs/georgia-gop-secretary-of-state-reports-audit-found-20-noncitizens-registered-to-vote-
ohiosos.gov,1,Political:1,Government:2,GOV-NEEDS-MAPPING(else-quarantine),https://www.ohiosos.gov/media-center/press-releases/2025/2025-09-17/
texasattorneygeneral.gov,1,Political:1,Government:2,GOV-NEEDS-MAPPING(else-quarantine),https://www.texasattorneygeneral.gov/news/releases/attorney-general-ken-paxton-opens-investigations-33-noncitizens-illeg
scvotes.gov,1,Political:1,Government:2,GOV-NEEDS-MAPPING(else-quarantine),https://scvotes.gov/south-carolina-election-commission-strengthens-citizen-only-voting-enforcement-with-new-federal-veri
harvardharrispoll.com,1,Other:1,Other:2,,https://harvardharrispoll.com/wp-content/uploads/2026/03/HHP_Feb2026_KeyResults_Mon.pdf
ca4.uscourts.gov,1,Government:1,Government:8,PROTECTED-T1-CANDIDATE,https://www.ca4.uscourts.gov/opinions/241682.P.pdf
cases.justia.com,1,Other:1,Other:2,,https://cases.justia.com/federal/appellate-courts/ca4/24-1682/24-1682-2025-08-07.pdf?ts=1754591432
colsoncenter.org,1,Other:1,Other:4,,https://colsoncenter.org/breakpoint/the-story-of-sage-blair
defendinged.org,1,Other:1,Other:2,,https://defendinged.org/investigations/list-of-school-district-transgender-gender-nonconforming-student-policies/
oag.ca.gov,1,Political:1,Government:2,GOV-NEEDS-MAPPING(else-quarantine),https://oag.ca.gov/node/573297
mass.gov,1,Political:1,Government:2,GOV-NEEDS-MAPPING(else-quarantine),https://www.mass.gov/doc/know-your-rights-gender-affirming-care/download
salazar.house.gov,1,Political:1,Government:2,GOV-NEEDS-MAPPING(else-quarantine),https://salazar.house.gov/media/press-releases/take-it-down-act-officially-signed-law-president-trump
instagram.com,1,Other:1,Other:2,,https://www.instagram.com/reel/DUVoX89jibD/?hl=en
ai.gov,1,Political:1,Government:2,GOV-NEEDS-MAPPING(else-quarantine),https://www.ai.gov/initiatives/presidential-challenge
blogs.microsoft.com,1,Other:1,Other:2,,https://blogs.microsoft.com/on-the-issues/2025/09/04/new-white-house-commitments/
education.ohio.gov,1,Political:1,Government:2,GOV-NEEDS-MAPPING(else-quarantine),https://education.ohio.gov/Media/Ed-Connection/Aug-26-2025/Presidential-AI-Challenge-fosters-AI-creativity-an
dps.utah.gov,1,Political:1,Government:2,GOV-NEEDS-MAPPING(else-quarantine),https://dps.utah.gov/press-releases/updates-on-charlie-kirk-shooting-at-uvu/
gofundme.com,1,Other:1,Other:2,,https://www.gofundme.com/f/in-loving-memory-of-iryna
gov.louisiana.gov,1,Political:1,Government:2,GOV-NEEDS-MAPPING(else-quarantine),https://gov.louisiana.gov/news/5069
nola.com,1,Other:1,Other:2,,https://www.nola.com/news/politics/national-guard-new-orleans-crime/article_1f088b0a-f0e7-436f-bafc-175f39074417.html
opendata.dc.gov,1,Government:1,Government:2,GOV-NEEDS-MAPPING(else-quarantine),https://opendata.dc.gov/datasets/DCGIS::crime-incidents-in-2026
nationalguard.mil,1,Political:1,Government:4,GOV-NEEDS-MAPPING(else-quarantine),https://www.nationalguard.mil/News/Article-View/Article/4357078/spc-sarah-beckstrom-laid-to-rest-at-west-virginia-nation
doddreedfh.com,1,Other:1,Other:6,,https://www.doddreedfh.com/obituaries/sarah-beckstrom
dc.ng.mil,1,Government:1,Government:6,GOV-NEEDS-MAPPING(else-quarantine),https://dc.ng.mil/Public-Affairs/News-Release/Article/4344097/wva-national-guard-soldier-dies-following-dc-shooting/
vi.web-platforms-vi.nyti.nyt.net,1,Other:1,Other:2,,https://vi.web-platforms-vi.nyti.nyt.net/2025/11/28/us/politics/dc-shooting-victims-beckstrom-wolfe.html
reservenationalguard.com,1,Other:1,Other:2,,https://reservenationalguard.com/reserve-guard-news/west-virginia-guardsmen-shot-in-dc-to-receive-purple-heart/
transcripts.cnn.com,1,Other:1,Other:2,,https://transcripts.cnn.com/show/se/date/2026-02-24/segment/02
justice.senate.gov,1,Political:1,Government:4,PROTECTED-T1-CANDIDATE,https://www.justice.senate.gov/newsroom/press-releases/senator-justice-honors-west-virginia-heroes-and-purple-heart-reci
wjla.com,1,Other:1,Other:2,,https://wjla.com/news/local/andrew-wolfe-deadly-national-guard-shooting-washington-dc-shooting-recovery-rehabilitation-p
asean.org,1,Other:1,Other:2,,https://asean.org/wp-content/uploads/2025/07/FINAL-ASEAN-FM-STATEMENT-OUTCOME-OF-SPECIAL-MEETING-TO-ADDRESS-CURRENT-SITU
iiss.org,1,Other:1,Other:2,,https://www.iiss.org/online-analysis/online-analysis/2026/02/the-us-israel-campaign-in-iran/
idf.il,1,Other:1,Other:2,,https://www.idf.il/en/mini-sites/operation-returning-home/all-hostages-have-been-returned-from-the-gaza-strip-to-israel/
militarnyi.com,1,Other:1,Other:2,,https://militarnyi.com/en/news/nato-estimates-russian-army-s-monthly-casualties-at-20-000-25-000-killed/
csis-website-prod.s3.amazonaws.com,1,Other:1,Other:2,,https://csis-website-prod.s3.amazonaws.com/s3fs-public/2026-01/260127_Jones_War_Ukraine.pdf
mezha.net,1,Other:1,Other:2,,https://mezha.net/eng/bukvy/ukrainian-general-staff-reports-over-1-25-million-russian-military-losses-in-2026/
nolabels.org,1,Other:1,Other:3,,https://nolabels.org/the-latest/30-years-5-presidents-one-red-line-iran-cannot-get-a-nuclear-weapon/
jinsa.org,1,Other:1,Other:2,,https://jinsa.org/jinsa_report/iran-backed-violence-against-americans/
docs.justia.com,1,Other:1,Other:2,,https://docs.justia.com/cases/federal/district-courts/district-of-columbia/dcdce/1:2016cv00232/176973/294
research.va.gov,1,Political:1,Government:2,GOV-NEEDS-MAPPING(else-quarantine),https://www.research.va.gov/topics/tbi.cfm
reutersconnect.com,1,Other:1,Other:2,,https://www.reutersconnect.com/item/trump-renews-vow-to-deny-iran-nuclear-weapons-in-state-of-the-union/dGFnOnJldXRlcnMu
iranhumanrights.org,1,Other:1,Other:2,,https://iranhumanrights.org/2026/02/irans-machinery-of-repression-escalates-arbitrary-arrests-torture-enforced-disappear
fitzpatrick.house.gov,1,Political:1,Government:2,GOV-NEEDS-MAPPING(else-quarantine),https://fitzpatrick.house.gov/2026/2/fitzpatrick-statement-regarding-iran
globalfirepower.com,1,Other:1,Other:2,,https://www.globalfirepower.com/country-military-strength-detail.php?country_id=united-states-of-america
gai.georgetown.edu,1,Other:1,Other:2,,https://gai.georgetown.edu/proposed-defense-spending-understanding-the-sticker-shock/
ncia.nato.int,1,Political:1,Government:2,GOV-NEEDS-MAPPING(else-quarantine),https://www.ncia.nato.int/newsroom/news/the-hague-summit-declaration
ukraineoversight.gov,1,Political:1,Government:2,GOV-NEEDS-MAPPING(else-quarantine),https://www.ukraineoversight.gov/Funding/
samm.dsca.mil,1,Government:1,Government:2,GOV-NEEDS-MAPPING(else-quarantine),https://samm.dsca.mil/all-updates
prhome.war.gov,1,Political:1,Government:2,GOV-NEEDS-MAPPING(else-quarantine),https://prhome.war.gov/Portals/52/Documents/MRA_Docs/MPP/pressreleases/2026/TAB A-Press Release EOM DEC 2025.pdf
recruiting.army.mil,1,Government:1,Government:2,GOV-NEEDS-MAPPING(else-quarantine),https://recruiting.army.mil/pao/facts_figures/
afaccessionscenter.af.mil,1,Political:1,Government:2,GOV-NEEDS-MAPPING(else-quarantine),https://www.afaccessionscenter.af.mil/News/Article-Display/Article/4233662/air-force-and-space-force-exceed-annual-recru
minot.af.mil,1,Political:1,Government:2,GOV-NEEDS-MAPPING(else-quarantine),https://www.minot.af.mil/News/Article-Display/Article/4365547/service-members-to-receive-1776-one-time-warrior-dividend-
newlinesinstitute.org,1,Other:1,Other:3,,https://newlinesinstitute.org/global-security-mil-priorities/the-rise-of-militarized-cartels-in-mexico/
embamex.sre.gob.mx,1,Other:1,Other:2,,https://embamex.sre.gob.mx/polonia/images/002026/Comunicado003.pdf
news.usni.org,1,Other:1,Other:2,,https://news.usni.org/2026/01/07/report-to-congress-on-u-s-capture-of-venezuelas-nicolas-maduro
caracaschronicles.com,1,Other:1,Other:2,,https://www.caracaschronicles.com/2026/02/25/wait-a-second-whos-enrique-marquez/
foropenal.com,1,Other:1,Other:2,,https://foropenal.com/articulo/foro-penal-sobre-excarcelaciones-de-presos-politicos-anunciadas-por-el-presidente-de-la-a
miamiherald.com,1,Other:1,Other:2,,https://www.miamiherald.com/news/nation-world/world/americas/venezuela/article314521103.html
valor.defense.gov,1,Political:1,Government:2,GOV-NEEDS-MAPPING(else-quarantine),https://valor.defense.gov/Recipients/Army-Medal-of-Honor-Recipients/
ausa.org,1,Other:1,Other:2,,https://ausa.org/news/army-aviator-receives-medal-honor
wearethemighty.com,1,Other:1,Other:3,,https://www.wearethemighty.com/history/eric-slover-medal-of-honor/
api.army.mil,1,Government:1,Government:2,GOV-NEEDS-MAPPING(else-quarantine),https://api.army.mil/e2/c/downloads/2025/03/03/deefaa63/arn43136-ago-2025-06-000-web-1.pdf
soaa.org,1,Other:1,Other:2,,https://soaa.org/royce-williams-medal-of-honor/
nbcsandiego.com,1,Other:1,Other:5,,https://www.nbcsandiego.com/news/local/escondido-man-100-to-receive-medal-of-honor-for-heroics-kept-secret-for-50-years/
kelly.senate.gov,1,Political:1,Government:2,PROTECTED-T1-CANDIDATE,https://www.kelly.senate.gov/wp-content/uploads/2026/02/Quill-Letter-L24702-2025-Letter-to-the-Secretary-of-Defense-Rega
founders.archives.gov,1,Government:1,Government:2,GOV-NEEDS-MAPPING(else-quarantine),https://founders.archives.gov/news-temporary.htm
commemorativeairforce.org,1,Other:1,Other:2,,https://commemorativeairforce.org/news/from-liberation-to-dogfight-two-american-veterans-recognized-on-a-national-stage
theweek.com,1,Other:1,Other:2,,https://theweek.com/russo-ukrainian-war/1010663/watch-ukrainian-civilians-use-their-bodies-to-block-russian-tanks
people.com,1,Other:1,Other:2,,https://people.com/politics/european-parliament-standing-ovation-for-zelenskyy-speech-amid-inavsion/
education.cfr.org,1,Other:1,Other:3,,https://education.cfr.org/learn/timeline/nato-worlds-largest-alliance
en.everybodywiki.com,1,Other:1,Other:1,,https://en.everybodywiki.com/United_States
nsarchive.gwu.edu,1,Other:1,FactCheck:1,,https://nsarchive.gwu.edu/sites/default/files/2022-03/2022-02-28%20politifact.com-Fact-checking%20claims%20that%20NATO%2
editorials.voa.gov,1,Political:1,Government:2,GOV-NEEDS-MAPPING(else-quarantine),https://editorials.voa.gov/a/putin-miscalculated/6474160.html
archive-share.america.gov,1,Political:1,Government:1,GOV-NEEDS-MAPPING(else-quarantine),https://archive-share.america.gov/world-isolates-putin-regime-after-ukraine-invasion/index.html
theprint.in,1,Other:1,Other:1,,https://theprint.in/world/putin-is-isolated-from-world-more-than-ever-says-joe-biden/854384/
my.usembassy.gov,1,Political:1,Government:1,GOV-NEEDS-MAPPING(else-quarantine),https://my.usembassy.gov/fact-sheet-joined-by-allies-and-partners-the-united-states-imposes-devastating-costs-on-russia/
republicworld.com,1,Other:1,Other:1,,https://republicworld.com/amp/world-news/russia-ukraine-crisis/joe-biden-and-allies-vow-to-make-russian-presidents-630-d
me.usembassy.gov,1,Political:1,Government:1,GOV-NEEDS-MAPPING(else-quarantine),https://me.usembassy.gov/unity-is-our-strength-in-support-of-ukraines-freedom/
wusa9.com,1,Other:1,Other:1,,https://www.wusa9.com/article/news/verify/fact-check-strategic-oil-reserve-release-how-much-oil-is-in-the-reserve/65-dfd
ukrainianworldcongress.org,1,Other:1,Other:1,,https://www.ukrainianworldcongress.org/around-the-world-ukrainians-unite-to-support-ukraine-and-fight-against-russian-ag
denver7.com,1,Other:1,Other:1,,https://www.denver7.com/news/investigations/denver7-state-of-the-union-fact-check-a-closer-look-at-three-of-the-presiden
factcheck.thedispatch.com,1,Other:1,Other:1,,https://factcheck.thedispatch.com/p/fact-checking-the-state-of-the-union
abc10.com,1,Other:1,Other:1,,https://www.abc10.com/article/news/verify/joe-biden/fact-check-president-joe-biden-state-of-union-2022/536-22a16a29-d50a
montrosepress.com,1,Other:1,Other:1,,https://www.montrosepress.com/opinion/factcheck-fact-checking-bidens-state-of-the-union-address/article_3cb5c654-9f3d-11
bendbulletin.com,1,Other:1,Other:1,,https://www.bendbulletin.com/nation/transcript-of-president-joe-bidens-state-of-the-union-address/article_5a1f8584-99db-
projects.apnews.com,1,Wire:1,Wire:1,,https://projects.apnews.com/
blog.google,1,Other:1,Other:1,,https://blog.google/products/news/gni-global-projects-open-fund-fact-check/
murphy.senate.gov,1,Political:1,Government:1,PROTECTED-T1-CANDIDATE,https://www.murphy.senate.gov/newsroom/press-releases/murphy-portman-graham-brown-stabenow-introduce-buy-american-bill-t
doggett.house.gov,1,Political:1,Government:1,GOV-NEEDS-MAPPING(else-quarantine),https://doggett.house.gov/media-center/press-releases/whitehouse-doggett-durbin-introduce-no-tax-breaks-outsourcing-act
abc6onyourside.com,1,Other:1,Other:1,,https://abc6onyourside.com/news/building-ohios-future-intel-beyond/its-not-empty-land-its-our-legacy-johnstown-residents
eu.dispatch.com,1,Other:1,Other:1,,https://eu.dispatch.com/story/news/2022/03/01/state-union-biden-tout-ohio-intel-project-address/9330495002/
wiki.openstreetmap.org,1,Other:1,Other:1,,"https://wiki.openstreetmap.org/wiki/Columbus,_Ohio"
datacenterdynamics.com,1,Other:1,Other:1,,https://www.datacenterdynamics.com/en/news/intel-confirms-20bn-columbus-ohio-semiconductor-fab-claims-it-will-become-the
newsnationusa.com,1,Other:1,Other:1,,https://newsnationusa.com/news/business/why-intel-ceo-pat-gelsinger-was-a-guest-at-president-bidens-state-of-the-union-a
govtech.com,1,Other:1,Government:2 Other:1,,https://www.govtech.com/fs/ford-invests-over-11b-in-electric-vehicle-manufacturing
crescentmanufacturing.com,1,Other:1,Other:1,,https://crescentmanufacturing.com/made-in-america-the-return-of-u-s-manufacturing/
edmunds.com,1,Other:1,Other:1,,https://www.edmunds.com/car-news/ford-new-electric-vehicle-factories-blue-oval-city.html
michiganbusiness.org,1,Other:1,Other:2,,https://www.michiganbusiness.org/press-releases/2022/01/historic-7-billion-investment-gm-create-thousands-manufacturing-
insightnews.com,1,Other:1,Other:1,,https://www.insightnews.com/opinion/columnists/commentary-on-the-state-of-the-union/article_1d92f7a8-9a81-11ec-90c6-b347
poole.ncsu.edu,1,Other:1,Other:1,,https://poole.ncsu.edu/thought-leadership/article/covid-unemployment-behind-the-numbers/
mcgill.ca,1,Other:1,Other:1,,https://www.mcgill.ca/business-law/article/understanding-supply-chain-disruptions-during-covid-19-pandemic
motortrend.com,1,Other:1,Other:2,,https://www.motortrend.com/news/automotive-car-industry-semiconductor-chip-shortage-reasons-solution
penntoday.upenn.edu,1,Other:1,Other:1,,https://penntoday.upenn.edu/news/why-semiconductor-shortage-wont-end-soon
baystatehealth.org,1,Other:1,Other:1,,https://www.baystatehealth.org/articles/prediabetes
informedhealth.org,1,Other:1,Other:1,,https://www.informedhealth.org/type-1-diabetes.html
diabetes.org,1,Other:1,Other:1,,https://diabetes.org/blog/sharing-my-story-our-first-month-parents-type-1-diabetic
edgepark.com,1,Other:1,Other:2,,https://www.edgepark.com/healthinsights/insurance-access/understanding-the-costs-of-insulin/
verywellhealth.com,1,Other:1,Other:2,,https://www.verywellhealth.com/insulin-prices-how-much-does-insulin-cost-and-why-5081872
12news.com,1,Other:1,Other:1,,https://www.12news.com/article/news/verify/many-americans-are-paying-14000-plus-for-child-care-costs/75-eeeced9d-d306-4a
fairtax.org,1,Other:1,Other:1,,https://fairtax.org/articles/the-chairman-s-report-may-13-2022
icij.org,1,Other:1,Other:2,,https://www.icij.org/investigations/paradise-papers/136-countries-agree-to-global-minimum-tax-for-corporations-in-histor
coronavirus.house.gov,1,Political:1,Government:1,GOV-NEEDS-MAPPING(else-quarantine),https://coronavirus.house.gov/news/press-releases/select-subcommittee-releases-staff-report-showing-trump-administration
lexology.com,1,Other:1,Other:1,,https://www.lexology.com/library/detail.aspx?g=a37fc5f9-2ee6-4364-a615-2a5784ebccd9
commerciallitigationupdate.com,1,Other:1,Other:2,,https://www.commerciallitigationupdate.com/private-equitys-impact-on-nursing-home-quality-of-care
skillednursingnews.com,1,Other:1,Other:1,,https://skillednursingnews.com/2022/03/biden-calls-for-boost-to-nursing-home-standards-in-state-of-the-union-address/
ama-assn.org,1,Other:1,Other:1,,https://www.ama-assn.org/public-health/infectious-diseases/cdcs-latest-mask-guidance-explainer-your-patients
smithsonianmag.com,1,Other:1,Other:1,,https://www.smithsonianmag.com/smart-news/pfizer-says-covid-19-pill-cuts-hospital-and-death-risk-by-nearly-90-percent-18
toddstarnes.com,1,Other:1,Other:1,,https://www.toddstarnes.com/politics/biden-ive-ordered-more-pills-than-anyone-in-the-world-has/
rumble.com,1,Other:1,Other:1,,https://rumble.com/vw7hen-biden-ive-ordered-more-pills-than-anyone-in-the-history-of-the-world-has.html
childrenshealthdefense.org,1,Other:1,Other:1,,https://childrenshealthdefense.org/defender/bidens-test-to-treat-windfall-pfizer-merck/
ibj.com,1,Other:1,Other:2,,https://www.ibj.com/articles/pfizer-nearing-big-gains-in-covid-treatment-production
wtae.com,1,Other:1,Other:1,,https://www.wtae.com/article/more-free-government-covid-tests/39288916
ozinize.com,1,Other:1,Other:1,,https://ozinize.com/more-than-90-of-u-s-population-can-ditch-facemasks-under-cdc-covid-guidance
earthnewsreport.com,1,Other:1,Other:1,,https://earthnewsreport.com/2022/03/04/more-than-90-of-u-s-population-can-ditch-facemasks-under-cdc-covid-guidance/
actionnewsjax.com,1,Other:1,Other:1,,https://www.actionnewsjax.com/news/local/glynn-county/listen-newly-released-911-call-made-days-before-shooting-death-ahm
wpsdlocal6.com,1,Other:1,Other:1,,https://www.wpsdlocal6.com/news/justice-department-limits-use-of-chokeholds-and-no-knock-warrants/article_aab93400-159b-
nationalmemo.com,1,Other:1,Other:2,,https://www.nationalmemo.com/election-subversion
wpbf.com,1,Other:1,Other:1,,https://www.wpbf.com/article/sotu-supreme-court-justice-stephen-breyer-honored/39289578
elitedaily.com,1,Other:1,Other:1,,https://www.elitedaily.com/news/stephen-breyer-reaction-2022-state-of-the-union-tweets
tribstar.com,1,Other:1,Other:1,,https://www.tribstar.com/region/us-seeks-regional-approach-to-migration-and-asylum-seekers/article_899806ba-f0b1-5d78-9a
americasvoice.org,1,Other:1,Other:1,,https://americasvoice.org/press_releases/immigration-and-the-state-of-the-union-words-are-important-action-is-imperative
newrepublic.com,1,Other:1,Other:2,,https://newrepublic.com/article/113203/labor-and-immigration-how-unions-got-board-immigration-reform
carnegie.org,1,Other:1,Other:1,,https://carnegie.org/article/building-bridges-immigration-reform/
livescience.com,1,Other:1,Other:2,,https://www.livescience.com/roe-v-wade-explanation
braun.senate.gov,1,Political:1,Government:1,PROTECTED-T1-CANDIDATE,https://www.braun.senate.gov/news/press-releases/getting-results-senator-braun-tops-list-most-bills-passed-law-session/
senatedemocrats.wa.gov,1,Political:1,Government:1,GOV-NEEDS-MAPPING(else-quarantine),https://senatedemocrats.wa.gov/blog/2022/03/31/almost-95-percent-of-bills-passed-in-2022-received-bipartisan-support/
pelosi.house.gov,1,Political:1,Government:1,GOV-NEEDS-MAPPING(else-quarantine),https://pelosi.house.gov/news/press-releases/floor-speech-in-support-of-hr-1620-the-violence-against-women-reauthorizati
militarypoisons.org,1,Other:1,Government:1,,https://www.militarypoisons.org/latest-news/president-bidens-state-of-the-union-message-targets-burn-pits-in-iraq-and-af
promethean.siena.edu,1,Other:1,Other:3,,https://promethean.siena.edu/2022/04/15/hazard-line-are-toxic-military-burn-pits-causing-higher-rates-of-brain-cancer-in
wbur.org,1,Other:1,Other:3,,https://www.wbur.org/onpoint/2022/03/10/burn-pits-iraq-vets-military-waste-toxic
dispatch.com,1,Other:1,Other:1,,https://www.dispatch.com/story/news/state/2022/03/01/president-joe-biden-state-union-address-ohioans-danielle-robinson-r
cleveland.com,1,Other:1,Other:1,,https://www.cleveland.com/news/2022/05/veterans-exposed-to-toxic-military-burn-pits-would-get-help-under-compromise-legi
ashpublications.org,1,Other:1,Other:1,,https://ashpublications.org/ashclinicalnews/news/2628/New-CDC-Report-Heart-Disease-and-Cancer
itpro.com,1,Other:1,Other:1,,https://www.itpro.com/technology/34730/10-amazing-darpa-inventions
knowledge.wharton.upenn.edu,1,Other:1,Other:1,,https://knowledge.wharton.upenn.edu/article/ten-guidelines-create-opportunities-coronavirus-crisis/
bridgingandcommercial.co.uk,1,Other:1,Other:1,,https://bridgingandcommercial.co.uk/article/16440/in-the-midst-of-every-crisis-lies-great-opportunity
mininggazette.com,1,Other:1,Other:1,,https://www.mininggazette.com/opinion/columns/2026/02/mona-charen-23/
freebeacon.com,1,Other:1,Other:1,,https://freebeacon.com/america/how-trumps-border-crackdown-has-choked-cartels-fentanyl-flow-into-the-us/
marketrealist.com,1,Other:1,Other:1,,https://marketrealist.com/trump-claims-gas-prices-in-us-are-under-two-dollars-is-it-true/
desmoinesregister.com,1,Other:1,Other:1,,https://www.desmoinesregister.com/story/news/politics/2026/02/25/fact-check-state-of-the-union-2026-iowa-gas-prices/8885
4029tv.com,1,Other:1,Other:1,,https://www.4029tv.com/article/fact-check-trumps-sotu-building-wealth/70503388
kslnewsradio.com,1,Other:1,Other:1,,https://kslnewsradio.com/national-news/trumps-2026-state-union/2284904/
abc30.com,1,Other:1,Other:1,,https://abc30.com/live-updates/state-union-2026-live-updates-president-donald-trump-address/18639619/entry/18646811/
carriegreenzinn.com,1,Other:1,Other:1,,https://carriegreenzinn.com/is-la-safe/
patreasury.gov,1,Political:1,Government:1,GOV-NEEDS-MAPPING(else-quarantine),https://www.patreasury.gov/newsroom/archive/2025/08-07-Purple-Heart.html
atr.org,1,Other:1,Other:1,,https://atr.org/every-house-democrat-just-voted-against-these-tax-cuts/
kiplinger.com,1,Other:1,Other:1,,https://www.kiplinger.com/taxes/new-gop-car-loan-tax-deduction
kansaspublicradio.org,1,Other:1,Other:1,,https://kansaspublicradio.org/npr-news/2026-02-25/tipped-workers-expect-tax-boon-this-year-but-not-a-long-term-fix
engagecpas.com,1,Other:1,Other:2,,https://engagecpas.com/blog/understanding-the-new-child-investment-accounts-for-2025-2028-births/
democracynow.org,1,Other:1,Other:2,,https://www.democracynow.org/2026/2/25/joseph_stiglitz_sotu
alternet.org,1,Other:1,Other:1,,https://www.alternet.org/trump-myth-economy/
businesstoday.in,1,Other:1,Other:1,,https://www.businesstoday.in/world/us/story/without-us-everything-in-world-would-die-trump-defends-his-tariffs-as-war-se
themarshallproject.org,1,Other:1,Other:1,,https://www.themarshallproject.org/2024/10/21/fact-check-12000-trump-statements-immigrants/emptying_prisons_jails_mental
economicgreenfield.com,1,Other:1,Other:1,,https://www.economicgreenfield.com/2026/02/25/state-of-the-union-address-notable-excerpts-4/
dailydot.com,1,Other:1,Other:1,,https://dailydot.com/trump-claims-groceries-hotel-rates-car-prices-rent-cheaper
democrats-budget.house.gov,1,Political:1,Government:1,GOV-NEEDS-MAPPING(else-quarantine),https://democrats-budget.house.gov/resources/fact-sheet/check-big-ugly-cuts-take-effect-republicans-prescribe-second-dos
healthcareuncovered.substack.com,1,Other:1,Other:2,,https://healthcareuncovered.substack.com/p/how-big-insurance-got-so-big
fortmyersbeachtalk.com,1,Other:1,Other:1,,https://www.fortmyersbeachtalk.com/news/swfl-news/2026/02/read-the-complete-transcript-of-trumps-2026-state-of-the-union
juliabrownley.house.gov,1,Political:1,Government:1,GOV-NEEDS-MAPPING(else-quarantine),https://juliabrownley.house.gov/holding-the-white-house-accountable/
kityates.substack.com,1,Other:1,Other:1,,https://kityates.substack.com/p/then-they-came-for-mathematics
timeshighereducation.com,1,Other:1,Other:1,,https://www.timeshighereducation.com/campus/fourstep-process-transform-everyone-factchecker
techpolicy.press,1,Other:1,Other:1,,https://www.techpolicy.press/some-facts-about-fact-checking-defending-the-imperfect-search-for-truth-in-an-era-of-instit
msn.com,1,Other:1,Other:2,,https://www.msn.com/en-us/money/savingandinvesting/trump-says-401k-balances-are-up-30k-we-fact-checked-his-state-of-the-
ellevest.com,1,Other:1,Other:1,,https://www.ellevest.com/magazine/401k-facts
mprnews.org,1,Other:1,Other:1,,https://www.mprnews.org/episode/2026/02/25/fact-checking-minnesota-mentions-in-president-donald-trumps-state-of-the-unio
realclearpolitics.com,1,Other:1,Other:1,,https://www.realclearpolitics.com/video/2026/02/24/trump_somali_pirates_in_minnesota_reminds_us_in_large_parts_of_the_wo
truckdrivers.life,1,Other:1,Other:1,,https://www.truckdrivers.life/blogs/5906/trump-calls-for-delilah-law-during-state-of-the-union-to-ban-undocumented-immig
sfchronicle.com,1,Other:1,Other:1,,https://www.sfchronicle.com/politics/article/immigrant-truck-license-california-21940858.php
khou.com,1,Other:1,Other:4,,https://www.khou.com/article/news/politics/trump-state-union-texas-cheerleader-lizbeth-medina/285-752b5f1e-1399-492c-93c
oxygen.com,1,Other:1,Other:1,,https://www.oxygen.com/the-real-murders-of-atlanta/crime-news/jarmecca-nikki-whitehead-killed-bitten-by-twin-daughters
nebraska.tv,1,Other:1,Other:1,,https://nebraska.tv/news/local/lizbeth-medinas-family-speaks-out-after-president-trumps-sotu-address
poll.qu.edu,1,Other:1,Other:1,,https://poll.qu.edu/poll-release?releaseid=3926
newsbusters.org,1,Other:1,Other:1,,https://newsbusters.org/blogs/nb/tim-graham/2026/01/07/politifact-editor-false-theyre-not-checking-both-sides-theyre
cbn.com,1,Other:1,Other:3,,https://cbn.com/news/us/horrific-trump-targets-trans-experiments-kids-sharing-shocking-sage-blair-case
livemint.com,1,Other:1,Other:2,,https://www.livemint.com/news/us-news/who-are-sage-blair-and-michelle-blair-donald-trumps-guests-at-state-of-the-union-a
wng.org,1,Other:1,Other:1,,https://wng.org/opinions/these-people-are-crazy-1772007861
roughdraftatlanta.com,1,Other:1,Other:1,,https://roughdraftatlanta.com/2026/02/25/trump-state-union-lgbtq-protest/
sheknows.com,1,Other:1,Other:1,,https://www.sheknows.com/parenting/articles/1234971274/trump-transgender-youth-behind-his-claims/
oann.com,1,Other:1,Other:1,,https://www.oann.com/newsroom/melania-trump-highlights-successes-with-ai-children-and-u-s-foster-care-reform-during-annu
thetrace.org,1,Other:1,Other:1,,https://www.thetrace.org/2026/02/trump-state-of-union-crime-fact-check/
eu.commercialappeal.com,1,Other:1,Other:1,,https://eu.commercialappeal.com/story/news/local/2026/02/25/trump-memphis-crime-state-of-the-union-address-comments/8885
thegrio.com,1,Other:1,Other:1,,https://thegrio.com/2026/02/24/trump-claims-no-crime-in-dc-fact-check/
mast.house.gov,1,Political:1,Government:2,GOV-NEEDS-MAPPING(else-quarantine),https://mast.house.gov/2025/12/honoring-sarah-beckstrom-america-s-fallen
thebulwark.com,1,Other:1,Other:1,,https://www.thebulwark.com/p/remembering-army-national-guard-specialist-sarah-beckstrom
wboy.com,1,Other:1,Other:2,,https://www.wboy.com/news/webster/spc-sarah-beckstroms-hometown-reacts-to-posthumous-purple-heart/
wionews.com,1,Other:1,Other:2,,https://www.wionews.com/photos/did-trump-end-8-conflicts-in-10-months-fact-check-on-us-president-s-big-war-claims-177200
thequint.com,1,Other:1,Other:1,,https://www.thequint.com/news/webqoof/pakistan-pm-would-die-without-my-intervention-donald-trump-misleading-claim-fact-c
nbcmiami.com,1,Other:1,Other:1,,https://www.nbcmiami.com/news/politics/politifact/fact-check-un-donald-trump-claims-seven-wars/3697605/
jns.org,1,Other:1,Other:1,,https://www.jns.org/u.s.-news/in-state-of-the-union-trump-touts-ceasefire-that-returned-israeli-hostages
jstreet.org,1,Other:1,Other:1,,https://jstreet.org/six-months-in-assessing-the-status-of-the-gaza-ceasefire/
pravda.com.ua,1,Other:1,Other:1,,https://www.pravda.com.ua/eng/news/2026/02/25/8022643/
amu.tv,1,Other:1,Other:3,,https://amu.tv/191178/
science.howstuffworks.com,1,Other:1,Other:1,,https://science.howstuffworks.com/ied.htm
electionlawblog.org,1,Other:1,Other:1,,https://electionlawblog.org/?p=151274
thefire.org,1,Other:1,Other:1,,https://www.thefire.org/news/american-people-fact-checked-their-government
notus.org,1,Other:1,Other:1,,https://www.notus.org/trump-white-house/donald-trump-feeling-imminent-threat-iran-karoline-leavitt
thefulcrum.us,1,Other:1,Other:1,,https://thefulcrum.us/governance-legislation/trump-changing-military-commands
military.net,1,Other:1,Government:1,,https://www.military.net/military-recruitment-surges/
visionofhumanity.org,1,Other:1,Other:1,,https://www.visionofhumanity.org/mexicos-organised-criminal-landscape-2025/
environmentalscience.org,1,Other:1,Other:1,,https://www.environmentalscience.org/environmental-consequences-fishing-practices
rightlinenews.com,1,Other:1,Other:1,,https://rightlinenews.com/president-trump-heralds-american-revival-in-record-breaking-state-of-the-union-address/
factcheck.afp.com,1,Other:1,Other:1,,https://factcheck.afp.com/doc.afp.com.924N9WH
justthenews.com,1,Other:1,Other:1,,https://justthenews.com/politics-policy/trump-awards-medals-honor-maduro-raid-helicopter-pilot-korean-war-vet
townhall.com,1,Other:1,Other:1,,https://townhall.com/tipsheet/amy-curtis/2026/02/24/moh-sotu-n2671857
tropedia.fandom.com,1,Other:1,Other:1,,https://tropedia.fandom.com/wiki/Hand_Cannon
tvtropes.org,1,Other:1,Other:1,,https://tvtropes.org/pmwiki/pmwiki.php/ThatOneLevel/FirstPersonShooter
militaryhistorynow.com,1,Other:1,Other:1,,https://militaryhistorynow.com/2012/12/10/bismarck-berlin-and-swastika-how-some-towns-names-had-to-change-during-the-war
mnlegion.org,1,Other:1,Other:1,,https://www.mnlegion.org/post/legionnaire-royce-williams-receives-medal-of-honor
times-advocate.com,1,Other:1,Other:2,,https://www.times-advocate.com/articles/royce-williams-awarded-medal-of-honor-during-sotu/
veteranlife.com,1,Other:1,Other:1,,https://veteranlife.com/lifestyle/royce-williams
theaviationgeekclub.com,1,Other:1,Other:2,,https://theaviationgeekclub.com/one-f9f-vs-six-mig-15s-the-legendary-dogfight-that-made-royce-williams-the-top-scoring-n
kten.com,1,Other:1,Other:2,,https://www.kten.com/news/these-are-the-military-heroes-awarded-the-medal-of-honor-purple-heart-legion-of-merit/article_
boston25news.com,1,Other:1,Other:1,,https://www.boston25news.com/news/trending/state-union-who-is-royce-williams-congressional-medal-honor-recipient/YKFUVGI
halifax.citynews.ca,1,Other:1,Other:1,,https://halifax.citynews.ca/2026/02/25/read-the-complete-transcript-of-trumps-2026-state-of-the-union/
katv.com,1,Other:1,Other:1,,https://katv.com/news/nation-world/kristi-noem-visits-california-to-tout-historic-efforts-at-the-southern-border-homelan
jasher.substack.com,1,Other:1,Other:2,,https://jasher.substack.com/p/murder-fell-at-the-fastest-pace-ever
pluribusnews.com,1,Other:1,Other:1,,https://pluribusnews.com/news-and-events/fbi-murder-rate-registers-record-decline/
officialdata.org,1,Other:1,Other:1,,https://www.officialdata.org/us/inflation/1900?amount=100&endYear=2025
advisorperspectives.com,1,Other:1,Other:1,,https://www.advisorperspectives.com/dshort/updates/2026/02/20/pce-inflation-december-2025-higher-than-expected
san.com,1,Other:1,Other:1,,https://san.com/cc/is-trump-gaslighting-on-1-99-per-gallon-gas-prices/
torquenews.com,1,Other:1,Other:1,,https://www.torquenews.com/1083/gasoline-drops-under-200-multiple-states-including-one-very-blue-state-while-many-other-
mississippivalleypublishing.com,1,Other:1,Other:1,,https://www.mississippivalleypublishing.com/daily_gate/average-gas-prices-decrease-slightly/article_daa4ce10-242e-42d0-8
kwwl.com,1,Other:1,Other:1,,https://www.kwwl.com/news/gas-prices-increase-in-iowa/article_aaa61748-d1c8-11ef-9c63-03bc75784233.html
who13.com,1,Other:1,Other:1,,https://who13.com/news/iowa-news/iowa-gas-prices-rank-second-lowest-in-the-nation/
sadanews.ps,1,Other:1,Other:1,,https://www.sadanews.ps/en/news/245172.html
thedatainsider.com,1,Other:1,Other:1,,https://thedatainsider.com/hottest-countries-in-the-world-average-temperatures/
berkeleyearth.org,1,Other:1,Other:1,,https://berkeleyearth.org/global-temperature-report-for-2025/
dbia.org,1,Other:1,Other:1,,https://dbia.org/blog/big-month-for-construction-job-growth-overall-labor-market-outpaced-projections/
gitnux.org,1,Other:1,Other:1,,https://gitnux.org/construction-employment-statistics/
constructconnect.com,1,Other:1,Other:1,,https://www.constructconnect.com/construction-economic-news/construction-employment-update-november-2024
inspectioneering.com,1,Other:1,Other:1,,https://inspectioneering.com/news/2024-12-11/11352/five-states-drove-record-us-natural-gas-production-in-2023
econofact.org,1,Other:1,Other:1,,https://econofact.org/factbrief/fact-check-did-the-u-s-have-more-jobs-in-2025-than-in-any-previous-year
consumershield.com,1,Other:1,Other:2,,https://www.consumershield.com/articles/how-many-people-employed-in-us
pew.org,1,Other:1,Other:1,,https://www.pew.org/en/research-and-analysis/articles/2025/03/10/slowdown-in-private-sector-jobs-a-boon-for-state-and-lo
gov.ca.gov,1,Political:1,Government:1,GOV-NEEDS-MAPPING(else-quarantine),https://www.gov.ca.gov/2024/12/11/icymi-private-sector-jobs-are-backbone-of-californias-job-growth/
deloitte.com,1,Other:1,Other:1,,https://www.deloitte.com/us/en/insights/topics/economy/spotlight/government-workforce-rebound.html
regulatorystudies.columbian.gwu.edu,1,Other:1,Other:1,,https://regulatorystudies.columbian.gwu.edu/behind-2118-billion-evaluating-eo-14192s-deregulatory-accounting
kvue.com,1,Other:1,Other:1,,https://www.kvue.com/article/syndication/associatedpress/fact-focus-why-nearly-43-million-people-are-no-longer-receiving
sports.yahoo.com,1,Other:1,Other:1,,https://sports.yahoo.com/articles/future-olympics-locations-full-list-080001510.html
frontofficesports.com,1,Other:1,Other:1,,https://frontofficesports.com/passing-of-the-torch-los-angeles-set-for-olympic-firsts-in-2028/
visitcalifornia.com,1,Other:1,Other:1,,https://www.visitcalifornia.com/experience/everything-you-need-know-about-los-angeles-2028-olympics/
sportsvideo.org,1,Other:1,Other:1,,https://www.sportsvideo.org/2025/04/15/la28-details-venue-plans-for-2028-summer-games/
eufy.com,1,Other:1,Other:1,,https://www.eufy.com/blogs/security-system/washington-dc-crime-rate
crimegrade.org,1,Other:1,Other:1,,https://crimegrade.org/violent-crime-los-angeles-ca/
footballberry.com,1,Other:1,Other:1,,https://footballberry.com/fifa-world-cup-2026-host-cities-and-stadiums/
sportsbookreview.com,1,Other:1,Other:2,,https://www.sportsbookreview.com/picks/soccer/world-cup-host-cities-venues-2026/
jetpacglobal.com,1,Other:1,Other:1,,https://www.jetpacglobal.com/blog/2026-fifa-world-cup-host-cities/
mentalfloss.com,1,Other:1,Other:1,,https://www.mentalfloss.com/sports/olympics-why-two-cities-hosting-olympics-first-time
roadtrips.com,1,Other:1,Other:1,,https://www.roadtrips.com/winter-games/winter-games-packages/venues/
athlonsports.com,1,Other:1,Other:1,,https://athlonsports.com/soccer/fifa-2026-world-cup-host-cities-stadiums
foxsports.com,1,Other:1,Other:1,,https://www.foxsports.com/stories/soccer/fifa-world-cup-2026-schedule-dates-stadiums
warhistory.org,1,Other:1,Other:1,,https://warhistory.org/article/the-end-in-the-philippines-1945-part-i
511pir.com,1,Other:1,Other:1,,https://511pir.com/blog/luzon/the-11th-airborne-division-s-battle-for-manila-80-years-later.html
nationalww2museum.org,1,Other:1,Other:1,,https://www.nationalww2museum.org/war/articles/child-prisoners-santo-tomas
dirkdeklein.net,1,Other:1,Other:1,,https://dirkdeklein.net/2025/02/04/santo-tomas-internment-camp-a-forgotten-chapter-of-world-war-ii/
ohiosenate.gov,1,Political:1,Government:1,GOV-NEEDS-MAPPING(else-quarantine),https://ohiosenate.gov/news/on-the-record/battle-of-the-bulge-purple-heart-and-bronze-star-veteran-saluted-by-ohio-senat
longisland.news12.com,1,Other:1,Other:1,,https://longisland.news12.com/2026/04/26/century-of-service-iwo-jima-veteran-celebrates-100th-birthday-in-cortlandt-mano
weather.com,1,Other:1,Other:1,,https://weather.com/news/weather/news/2025-07-08-texas-flash-flood-deadliest-since-1970s
countrymusicnation.com,1,Other:1,Other:1,,https://countrymusicnation.com/president-trump-honors-heroic-u-s-coast-guardsman-who-saved-165-people-in-texas-floods
local.newsbreak.com,1,Other:1,Other:1,,https://local.newsbreak.com/breckenridge-texan-512883/4529802987958-breckenridge-s-milly-cate-mcclymond-from-camp-mystic
gobroncs.com,1,Other:1,Other:1,,https://gobroncs.com/news/2025/7/7/general-coast-guard-rescue-swimmer-scott-ruskan-21-credited-with-saving-lives-in-texa
fireislandnews.com,1,Other:1,Other:1,,https://www.fireislandnews.com/environment/four-boaters-rescued-by-the-u-s-coast-guard-offshore-of-fire-island/
fema.gov,1,Political:1,Government:1,GOV-NEEDS-MAPPING(else-quarantine),https://www.fema.gov/sites/default/files/documents/fema_rd_federal-evacuation-support-annex_042025.pdf
jambroadcasting.com,1,Other:1,Other:1,,https://jambroadcasting.com/scott-ruskin-recognized-by-president-trump-during-state-of-the-union-address/
goodmorningamerica.com,1,Other:1,Other:1,,https://www.goodmorningamerica.com/news/story/texas-flooding-hero-recognized-trumps-state-union-reunited-130474850
worldhyundaimatteson.com,1,Other:1,Other:1,,https://www.worldhyundaimatteson.com/auto-interest-rate-tax-deduction-calculator/
smartasset.com,1,Other:1,Other:1,,https://smartasset.com/taxes/trump-overtime-tax-plan
justiceatwork.com,1,Other:1,Other:1,,https://www.justiceatwork.com/no-taxes-on-overtime-through-2028/
adp.com,1,Other:1,Other:1,,https://www.adp.com/spark/articles/2026/01/federal-tax-deductions-for-qualified-overtime-and-tips-what-employers-need-to
fhassoc.com,1,Other:1,Other:1,,https://fhassoc.com/investment-accounts-for-kids-five-common-choices-how-to-pick-the-right-one/
resources.org,1,Other:1,Other:1,,https://www.resources.org/common-resources/if-then-unintended-effects-of-recent-federal-actions-on-electricity-prices/
nerdwallet.com,1,Other:1,Other:1,,https://www.nerdwallet.com/travel/learn/car-rental-pricing-statistics
drovers.com,1,Other:1,Other:1,,https://www.drovers.com/markets/market-reports/cattle-and-beef-markets-charge-2025
newson6.com,1,Other:1,Other:1,,https://www.newson6.com/story/689b3828394a706d7e92c5fe/how-much-higher-is-the-cost-of-beef-a-by-the-numbers-breakdown
fcsamerica.com,1,Other:1,Other:1,,https://www.fcsamerica.com/resources/learning-center/beef-quarterly-outlook
truthout.org,1,Other:1,Other:1,,https://truthout.org/articles/top-5-us-health-insurers-annual-profits-jumped-230-percent-since-acas-passage/
njtoday.news,1,Other:1,Other:1,,https://njtoday.news/2024/12/24/affordable-care-act-made-profits-surge-for-americas-big-health-insurance-companies/
havenhome.us,1,Other:1,Other:1,,https://havenhome.us/the-explosion-of-health-insurance-profits-a-deeper-look/
epicforamerica.org,1,Other:1,Other:1,,https://epicforamerica.org/federal-budget/the-core-of-the-shutdown-debate-subsidizing-big-insurance-companies/
usbank.com,1,Other:1,Other:1,,https://www.usbank.com/investing/financial-perspectives/market-news/healthcare-stocks.html
jonesday.com,1,Other:1,Other:1,,https://www.jonesday.com/en/insights/2025/12/most-favored-nation-drug-pricing-and-manufacturer-agreements
kffhealthnews.org,1,Other:1,Other:1,,https://kffhealthnews.org/news/article/fact-check-biden-prescription-drug-prices-nation-comparison/
illumefertility.com,1,Other:1,Other:1,,https://www.illumefertility.com/fertility-blog/ultimate-guide-to-fertility-treatment-costs
ovu.com,1,Other:1,Other:1,,https://ovu.com/fertility-insights/complete-ivf-medications-guide-2025-protocols-costs-and-side-effects-management
rejuvenatingfertility.com,1,Other:1,Other:1,,https://www.rejuvenatingfertility.com/post/trumprx-ivf-will-it-actually-lower-your-medication-costs-in-2026
linquip.com,1,Other:1,Other:1,,https://www.linquip.com/blog/cogeneration-system-working-principles-types-application/
diversification.com,1,Other:1,Other:1,,https://diversification.com/term/cogeneration
fluke.com,1,Other:1,Other:1,,https://www.fluke.com/en-us/learn/blog/energy-efficiency/considering-cogeneration
multifamilydive.com,1,Other:1,Other:1,,https://www.multifamilydive.com/news/major-investors-single-family-homes-new-bill/813406/
housingmatters.urban.org,1,Other:1,Other:1,,https://housingmatters.urban.org/articles/what-policymakers-should-know-about-institutional-investors-role-housing-marke
advocacy.caionline.org,1,Other:1,Other:1,,https://advocacy.caionline.org/corporate-investors-eo/
psca.org,1,Other:1,Other:1,,https://www.psca.org/news/psca-news/2025/11/average-401k-balance-grows-to-new-record/
killerstartups.com,1,Other:1,Other:1,,https://killerstartups.com/stock-market-hits-record-highs-in-2024/
inclusivewealth.eig.org,1,Other:1,Other:1,,https://inclusivewealth.eig.org/whos-left-out-of-americas-retirement-savings-system/
aarp.org,1,Other:1,Other:1,,https://www.aarp.org/pri/topics/work-finances-retirement/financial-security-retirement/payroll-deduction-savings-program
arabnews.com,1,Other:1,Other:2,,https://www.arabnews.com/node/2634356/world
newstribune.com,1,Other:1,Other:1,,https://www.newstribune.com/news/2026/feb/01/commentary-somali-welfare-fraud-in-minnesota-has/
americancommunitymedia.org,1,Other:1,Other:1,,https://americancommunitymedia.org/immigration/somali-pirates-are-pillaging-minnesota-claims-trump-in-state-of-the-union
lasentinel.net,1,Other:1,Other:1,,https://lasentinel.net/trump-repeats-baseless-claims-of-somali-pirates-but-remains-silent-on-ice-killings.html
kpcnews.com,1,Other:1,Other:1,,https://www.kpcnews.com/news/national/article_8c517fa1-b133-5e20-b742-aa5a4c37e6fe.html
fox4kc.com,1,Other:1,Other:1,,https://fox4kc.com/border-report/proposed-dalilahs-law-would-bar-undocumented-truck-drivers/
cbs42.com,1,Other:1,Other:1,,https://www.cbs42.com/news/proposed-dalilahs-law-would-bar-undocumented-truck-drivers/
themountaineer.com,1,Other:1,Other:1,,https://www.themountaineer.com/news/national/delilah-law-a-step-toward-core-elements-of-roadway-safety/article_4f5eee98-
foxbangor.com,1,Other:1,Other:1,,https://www.foxbangor.com/news/national/trump-spotlights-victims-of-repeat-offenders-and-illegal-aliens-in-emotional-sot
thefederalnewswire.com,1,Other:1,Other:1,,https://thefederalnewswire.com/stories/675534355-father-speaks-after-ice-arrests-truck-driver-who-injured-daughter-in-mu
wifitalents.com,1,Other:1,Other:1,,https://wifitalents.com/illegal-immigrants-statistics/
crossroadstoday.com,1,Other:1,Other:1,,https://www.crossroadstoday.com/news/rafael-romero-pleads-guilty-in-murder-of-lizbeth-medina-16/article_9827202c-df64-48
thedailybeast.com,1,Other:1,Other:1,,https://www.thedailybeast.com/edna-cops-home-in-on-mystery-man-in-texas-cheerleader-lizbeth-medinas-slaying/
abc13.com,1,Other:1,Other:1,,https://abc13.com/post/edna-cheerleader-death-capital-murder-suspect-rafeal-romero-take-plea-deal-16-year-old-lizbeth-me
texasscorecard.com,1,Other:1,Other:1,,https://texasscorecard.com/state/mom-speaks-out-after-texas-teen-was-allegedly-killed-by-illegal-alien/
nydailynews.com,1,Other:1,Other:1,,https://www.nydailynews.com/2024/04/25/east-harlem-woman-stabbed-to-death-by-boyfriend-left-to-die-in-bathtub/
lawenforcementtoday.com,1,Other:1,Other:1,,https://lawenforcementtoday.com/teen-stabbed-in-bathtub-by-illegal-immigrant-likely-stalked-by-him-prior-to-her-murder
austinkocher.substack.com,1,Other:1,Other:1,,https://austinkocher.substack.com/p/ice-detention-and-deportation-by
case.house.gov,1,Political:1,Government:1,GOV-NEEDS-MAPPING(else-quarantine),https://case.house.gov/news/documentsingle.aspx?DocumentID=4892
rbc.com,1,Other:1,Other:1,,https://www.rbc.com/en/economics/us-analysis/us-data-flashes/us-gdp-q4-growth-distorted-by-government-shutdown-but-under
oxfordeconomics.com,1,Other:1,Other:1,,https://www.oxfordeconomics.com/resource/what-a-us-government-shutdown-means-for-the-economy-key-questions-answered/
ey.com,1,Other:1,Other:1,,https://www.ey.com/en_us/insights/strategy/macroeconomics/record-shutdown-leaves-mark-on-the-economy
paychex.com,1,Other:1,Other:1,,https://www.paychex.com/articles/compliance/federal-government-shutdown
federalnewsnetwork.com,1,Other:1,Other:1,,https://federalnewsnetwork.com/government-shutdown/2026/04/house-approves-bill-to-fund-the-department-of-homeland-securi
fairelectionscenter.org,1,Other:1,Other:1,,https://fairelectionscenter.org/postal-service-changes-and-mail-voting/
electionlab.mit.edu,1,Other:1,Other:1,,https://electionlab.mit.edu/articles/new-report-how-we-voted-2024
catholicnewsagency.com,1,Other:1,Other:1,,https://www.catholicnewsagency.com/news/254843/new-virginia-transgender-student-policies-emphasize-parental-rights
independentwomen.com,1,Other:1,Other:1,,https://www.independentwomen.com/2023/08/01/iwf-gives-comments-supporting-virginias-2023-model-policies-on-gender-identi
lgbtqnation.com,1,Other:1,Other:1,,https://www.lgbtqnation.com/2026/02/invited-an-ex-trans-christian-student-to-the-sotu-yesterday-who-is-she/
concernedwomen.org,1,Other:1,Other:1,,https://concernedwomen.org/one-nation-under-god-state-of-the-union-highlights/
missingpersonscenter.org,1,Other:1,Other:1,,https://missingpersonscenter.org/our-articles/saga-of-sage-please-read-my-story/
marylandmatters.org,1,Other:1,Other:1,,https://marylandmatters.org/2025/03/21/thousands-are-suing-states-over-sexual-abuse-in-juvenile-detention-facilities/
dlslibrary.state.md.us,1,Other:1,Other:1,,https://dlslibrary.state.md.us/publications/Exec/DHS/SCRBC/FL5-539(b)(5)_2024.pdf
collegedunia.com,1,Other:1,Other:1,,https://collegedunia.com/scholarship/583-liberty-university-scholarships
myscholarhq.com,1,Other:1,Other:1,,https://www.myscholarhq.com/liberty-university-scholarships-apply-now/
doj.state.or.us,1,Other:1,Other:1,,https://www.doj.state.or.us/oregon-department-of-justice/civil-rights/gender-diverse-community-resources/
apaservices.org,1,Other:1,Other:1,,https://www.apaservices.org/practice/legal/managed/legal-landscape-gender-care-minors
closeup.org,1,Other:1,Other:1,,https://www.closeup.org/state-and-federal-legislation-on-gender-affirming-care-for-minors/
denverpost.com,1,Other:1,Other:1,,https://www.denverpost.com/2026/04/16/melania-trump-foster-care-system-independence/
catholicreview.org,1,Other:1,Other:1,,https://catholicreview.org/gallup-just-3-in-10-u-s-adults-regularly-attend-religious-services/
courttv.com,1,Other:1,Other:1,,https://www.courttv.com/title/new-details-about-suspected-charlie-kirk-assassins-life-and-beliefs/
mirror.co.uk,1,Other:1,Other:1,,https://www.mirror.co.uk/news/us-news/charlie-kirk-goes-down-gun-35885511
cdcr.ca.gov,1,Political:1,Government:1,GOV-NEEDS-MAPPING(else-quarantine),https://www.cdcr.ca.gov/news/2024/02/13/cdcr-recidivism-report-finds-recidivism-rates-drop-2/
datapandas.org,1,Other:1,Other:1,,https://www.datapandas.org/ranking/recidivism-rates-by-state
crimeinamerica.net,1,Other:1,Other:1,,https://www.crimeinamerica.net/offender-recidivism-and-reentry-in-the-united-states/
northernbeat.ca,1,Other:1,Other:1,,https://northernbeat.ca/opinion/kelowna-woman-murdered-hours-after-violent-offender-is-released/
idga.org,1,Other:1,Other:1,,https://www.idga.org/federal/articles/cbps-primary-mission-areas-in-2025
dcwitness.org,1,Other:1,Other:1,,https://dcwitness.org/data-shows-significant-decrease-in-homicide-rate-from-december-2023-to-january-2024/
opb.org,1,Other:1,Other:1,,https://www.opb.org/article/2025/12/06/in-west-virginia-the-national-guard-is-an-opportunity-and-a-lifeline/
wvpress.org,1,Other:1,Other:1,,https://wvpress.org/wvpa-sharing/w-va-national-guard-highlights-2024-accomplishments/
moguard.ngb.mil,1,Government:1,Government:1,GOV-NEEDS-MAPPING(else-quarantine),https://www.moguard.ngb.mil/Portals/48/Documents/EPS/EPS%20Webpage%20Documents/AR%20600-8-19.pdf?ver=eTF9GnlhU465SKiNSP3
wvnews.com,1,Other:1,Other:1,,https://www.wvnews.com/news/wvnews/parents-of-fallen-west-virginia-guard-member-sarah-beckstrom-to-attend-state-of-the-u
wvva.com,1,Other:1,Other:1,,https://www.wvva.com/2026/02/24/parents-national-guard-member-fatally-shot-dc-will-attend-state-union/
wtov9.com,1,Other:1,Other:1,,https://wtov9.com/news/local/sarah-beckstrom-laid-to-rest-with-full-military-honors
heraldmailmedia.com,1,Other:1,Other:1,,https://www.heraldmailmedia.com/story/news/local/2025/12/14/update-on-medical-recovery-of-wv-national-guardsman-andrew-w
wsaz.com,1,Other:1,Other:1,,https://www.wsaz.com/2025/12/15/update-ssgt-andrew-wolfes-condition-shows-major-improvements/
wdtv.com,1,Other:1,Other:1,,https://www.wdtv.com/2026/02/02/staff-sergeant-wolfes-mother-updates-community-his-recovery/
gutscharity.org.uk,1,Other:1,Other:1,,https://gutscharity.org.uk/awareness/kranky-panky/kranky-panky-2025/2025-stories/andrews-story/
thesunmagazine.org,1,Other:1,Other:1,,https://www.thesunmagazine.org/articles/27300-blood
garrisonkeillor.com,1,Other:1,Other:1,,https://www.garrisonkeillor.com/a-night-in-bed-with-her-and-me/
nwaonline.com,1,Other:1,Other:1,,https://www.nwaonline.com/news/2026/jan/02/fact-focus-trump-says-hes-ended-eight-wars-his/
indiablooms.com,1,Other:1,Other:1,,https://www.indiablooms.com/world/trump-claims-pakistan-pm-told-him-he-prevented-35-million-deaths-by-stopping-india-pak
organiser.org,1,Other:1,Other:1,,https://organiser.org/2026/02/25/341667/bharat/burnol-for-pakistan-opposition-heres-how-internet-reacted-to-trumps-pakis
connectedtoindia.com,1,Other:1,Other:1,,https://www.connectedtoindia.com/trump-claims-pakistan-pm-told-him-he-prevented-35-million-deaths-by-stopping-india-paki
c-span.org,1,Other:1,Other:1,,https://www.c-span.org/clip/us-senate/senate-unanimously-confirms-marco-rubio-as-secretary-of-state/5150211
ajc.org,1,Other:1,Other:1,,https://www.ajc.org/news/israel-hamas-hostage-deal-what-you-need-to-know
everycasualty.org,1,Other:1,Other:1,,https://everycasualty.org/conflict/ukraine/
kyivindependent.com,1,Other:1,Other:2,,https://kyivindependent.com/a-very-bloody-war-what-is-the-death-toll-of-russias-war-in-ukraine/
ryanjhite.com,1,Other:1,Other:1,,https://www.ryanjhite.com/2025/06/23/operation-midnight-hammer-the-night-the-u-s-struck-iran-and-what-comes-next/
washingtoninstitute.org,1,Other:1,Other:1,,https://www.washingtoninstitute.org/policy-analysis/policy-steps-prevent-nuclear-iran
globaltimes.cn,1,Other:1,Other:1,,https://www.globaltimes.cn/page/202603/1356135.shtml
middleeastmonitor.com,1,Other:1,Other:1,,https://www.middleeastmonitor.com/20260209-islamic-revolution-47-years-of-history-achievement-and-permanent-siege/
china.usembassy-china.org.cn,1,Other:1,Other:1,,https://china.usembassy-china.org.cn/the-iranian-regimes-decades-of-terrorism-against-american-citizens/
attheu.utah.edu,1,Other:1,Other:1,,https://attheu.utah.edu/facultystaff/the-bomb-hunters/
simple.wikipedia.org,1,Other:1,Other:1,,https://simple.wikipedia.org/wiki/Assassination_of_Qasem_Soleimani
indianexpress.com,1,Other:1,Other:1,,https://indianexpress.com/article/world/who-was-qassim-suleimani-the-iranian-general-killed-by-the-us-in-2020-9095063/
amnestyusa.org,1,Other:1,Other:1,,https://www.amnestyusa.org/press-releases/iran-seven-protesters-and-dissidents-at-risk-of-imminent-execution-after-four-
globalsecurityreview.com,1,Other:1,Other:1,,https://globalsecurityreview.com/midnight-hammer-and-after/
thedefensepost.com,1,Other:1,Other:1,,https://thedefensepost.com/2024/01/17/us-military-most-powerful/
militaryspot.com,1,Other:1,Other:1,,https://www.militaryspot.com/news/military-met-2024-recruiting-goals
defensescoop.com,1,Other:1,Other:1,,https://defensescoop.com/2025/12/18/trump-hegseth-warrior-dividend-payment-troops-1776-dollar-bonus/
brilliantmaps.com,1,Other:1,Other:1,,https://brilliantmaps.com/map-of-drug-cartels-in-mexico-2024/
infectiousdiseaseadvisor.com,1,Other:1,Other:1,,https://www.infectiousdiseaseadvisor.com/news/trump-calls-fentanyl-a-weapon-of-mass-destruction/
pulmonologyadvisor.com,1,Other:1,Other:1,,https://www.pulmonologyadvisor.com/news/trump-calls-fentanyl-a-weapon-of-mass-destruction/
newsmax.com,1,Other:1,Other:1,,https://www.newsmax.com/us/babb-coast-guard-drugs/2025/11/06/id/1233457/
usni.org,1,Other:1,Other:1,,https://www.usni.org/magazines/proceedings/2025/august/interdicting-narcotics-sea-coast-guards-counterdrug-mission-team
ictj.org,1,Other:1,Other:1,,https://www.ictj.org/latest-news/delcy-rodriguez-sworn-venezuela%E2%80%99s-president-after-maduro-abduction
tiktok.com,1,Other:1,Other:1,,https://www.tiktok.com/discover/my-uncle-was-released-from-prison
news.northeastern.edu,1,Other:1,Other:1,,https://news.northeastern.edu/2026/01/03/us-captures-nicolas-maduro-regime-change/
chattanoogan.com,1,Other:1,Other:1,,https://www.chattanoogan.com/2026/2/27/515372/Profiles-of-Valor-CW5-Eric-Slover-USA.aspx
community.defconwarningsystem.com,1,Other:1,Other:1,,https://community.defconwarningsystem.com/threads/cw5-eric-slover-receives-the-medal-of-honor.26022/
eu.fayobserver.com,1,Other:1,Other:2,,https://eu.fayobserver.com/story/news/military/2026/02/26/fort-bragg-pilot-eric-slover-receives-medal-of-honor-during-st
shop.ssbcrack.com,1,Other:1,Other:1,,https://shop.ssbcrack.com/blogs/blog/meet-us-army-pilot-eric-slover-shot-in-maduro-raid-honored-with-medal-of-honor
outkick.com,1,Other:1,Other:1,,https://www.outkick.com/culture/eric-slover-army-pilot-medal-of-honor-citation
myjournalcourier.com,1,Other:1,Other:1,,https://www.myjournalcourier.com/news/article/army-pilot-wounded-in-maduro-raid-gets-21940094.php
wikihow.com,1,Other:1,Other:1,,https://www.wikihow.com/Land-a-Helicopter-After-Your-Pilot-Has-Been-Killed
msverdict.com,1,Other:1,Other:1,,https://msverdict.com/pilot-injured-in-mississippi-medical-helicopter-crash/
hiiraan.com,1,Other:1,Other:1,,https://www.hiiraan.com/news4/2025/Dec/203929/alshabaab_releases_video_of_ukrainian_un_helicopter_pilot_held_since_2024.
pilotinstitute.com,1,Other:1,Other:1,,https://pilotinstitute.com/helicopter-emergencies/
armytimes.com,1,Other:1,Other:1,,https://www.armytimes.com/news/pentagon-congress/2026/02/25/army-helicopter-pilot-wounded-during-maduro-raid-receives-me
forcesnews.com,1,Other:1,Other:1,,https://www.forcesnews.com/heritage/wwii/guns-won-british-and-american-small-arms-ww2
volofun.com,1,Other:1,Other:1,,https://volofun.com/the-evolution-of-war/
anzacportal.dva.gov.au,1,Other:1,Other:1,,https://anzacportal.dva.gov.au/wars-and-missions/ww1/military-organisation/technology-and-equipment
valleycenter.com,1,Other:1,Other:1,,https://www.valleycenter.com/articles/royce-williams-awarded-medal-of-honor-during-sotu/
pnj.com,1,Other:1,Other:1,,https://www.pnj.com/story/news/local/2025/07/13/oriskany-pilot-royce-williams-dueled-seven-soviet-migs/84541979007/
bluewaterhealthyliving.com,1,Other:1,Other:1,,https://bluewaterhealthyliving.com/news/national-news/florida/oriskany-pilot-fought-seven-soviet-migs-but-mission-stayed
supportourtroops.org,1,Other:1,Other:2,,https://supportourtroops.org/news/2322-dogfight
sdpb.org,1,Other:1,Other:1,,https://www.sdpb.org/rural-life-and-history/2023-01-25/the-story-of-royce-williams
warfarehistorynetwork.com,1,Other:1,Other:3,,https://warfarehistorynetwork.com/article/lieutenant-e-royce-williams-u-s-navy-pilot/
wkrg.com,1,Other:1,Other:1,,https://www.wkrg.com/baldwin-county/president-trump-awards-congressional-medal-of-honor-to-navy-veteran-with-gulf-coast-
dnyuz.com,1,Other:1,Other:1,,https://dnyuz.com/2026/02/25/retired-100-year-old-fighter-pilot-from-escondido-receives-medal-of-honor/
inewsource.org,1,Other:1,Other:2,,https://inewsource.org/2026/03/12/san-diego-veteran-medal-honor-story/
mendovoice.com,1,Other:1,Other:1,,https://mendovoice.com/2026/03/a-top-gun-pilot-like-no-other-the-story-behind-a-100-year-old-veterans-surprise-medal-of-
outono.net,1,Other:1,Other:1,,https://www.outono.net/elentir/2026/02/04/the-feat-of-two-us-navy-f9f-panther-fighters-that-defeated-seven-soviet-mig-15
almanacnews.com,1,Other:1,Other:1,,https://www.almanacnews.com/calmatters/2026/03/12/a-top-gun-pilot-like-no-other-the-story-behind-a-100-year-old-veterans
arkwrightsavaition.wordpress.com,1,Other:1,Other:1,,https://arkwrightsavaition.wordpress.com/2026/04/30/this-panther-pilots-combat-mission-was-so-secret-he-couldnt-talk-abo
calmatters.org,1,Other:1,Other:1,,https://calmatters.org/politics/2026/03/royce-williams-medal-of-honor/
dailymail.com,1,Other:1,Other:1,,https://www.dailymail.com/news/article-10556911/amp/Astonishing-moment-hundreds-brave-Ukrainians-force-Russian-tanks-hal
100percentfedup.com,1,Other:1,Other:1,,https://100percentfedup.com/ukraine-refuses-to-surrender-shocking-footage-shows-ukrainian-citizens-resisting-occupation-
euronews.com,1,Other:1,Other:1,,https://www.euronews.com/my-europe/2022/03/01/watch-live-zelenskyy-set-to-speak-during-meps-debate-on-ukraine-war
dhakatribune.com,1,Other:1,Other:1,,https://www.dhakatribune.com/world/europe/263479/what-is-nato-and-why-was-it-created
defencehq.medium.com,1,Other:1,Other:1,,https://defencehq.medium.com/the-long-and-expansive-73-year-history-of-nato-ba16bc2012ff
nationalpost.com,1,Other:1,Other:1,,https://nationalpost.com/news/world/what-is-nato-and-why-does-the-alliance-exist/wcm/a9dd3f1b-b939-4282-9373-9da22c6547d
jagranjosh.com,1,Other:1,Other:1,,https://www.jagranjosh.com/general-knowledge/list-of-nato-member-states-1643364720-1
statisticsanddata.org,1,Other:1,Other:1,,https://statisticsanddata.org/data/nato-countries-map/
du.edu,1,Other:1,Other:1,,https://www.du.edu/news/nato-welcomes-its-30th-member-strengthening-ties-bind
inews.co.uk,1,Other:1,Other:1,,https://inews.co.uk/news/ukraine-russia-peace-talks-explained-timeline-ceasefire-negotiations-how-war-end-1515235
cigionline.org,1,Other:1,Other:1,,https://www.cigionline.org/articles/deterrence-disruption-and-declassification-intelligence-in-the-ukraine-conflict/
source.washu.edu,1,Other:1,Other:1,,https://source.washu.edu/2022/03/washu-expert-understanding-the-financial-sanctions-against-russia/
news.vcu.edu,1,Other:1,Other:1,,https://news.vcu.edu/article/2022/03/impact-of-sanctions-on-russias-economy
dallasfed.org,1,Other:1,Other:1,,https://www.dallasfed.org/research/economics/2022/0531
markets.businessinsider.com,1,Other:1,Other:1,,https://markets.businessinsider.com/news/stocks/russia-assets-frozen-ukraine-war-fund-managers-markets-rubles-stocks-202
westernjournal.com,1,Other:1,Other:1,,https://www.westernjournal.com/sotu-sets-wwiii-biden-mobilizing-us-forces-potential-larger-war-europe/
observerstimes.com,1,Other:1,Other:1,,https://observerstimes.com/2022/03/02/us-forces-are-not-engaged-and-will-not-engage-in-the-conflict-with-russian-forces-
knoe.com,1,Other:1,Other:1,,https://www.knoe.com/2022/03/01/nations-agree-release-60-million-barrels-oil-amid-ukraine-war/
kansasreflector.com,1,Other:1,Other:1,,https://kansasreflector.com/2022/03/01/biden-oks-release-of-30-million-barrels-of-oil-from-strategic-petroleum-reserve/
nepa-alliance.org,1,Other:1,Other:1,,https://www.nepa-alliance.org/regional-data/
lancasteronline.com,1,Other:1,Other:1,,https://lancasteronline.com/business/local_business/job-growth-stops-in-lancaster-county-in-october-state-says/article_d
phillyvoice.com,1,Other:1,Other:1,,https://www.phillyvoice.com/pennsylvania-unemployment-rate-covid-19-pandemic-philadelphia-delaware-county/
northcentralpa.com,1,Other:1,Other:1,,https://www.northcentralpa.com/news/state/how-pennsylvania-s-annual-unemployment-rate-compares-to-the-nation/article_389
phillyburbs.com,1,Other:1,Other:1,,https://www.phillyburbs.com/story/news/2021/05/19/pennsylvania-jobs-help-wanted-worker-shortage/5144406001/
crowell.com,1,Other:1,Other:1,,https://www.crowell.com/en/insights/client-alerts/president-biden-signs-american-rescue-plan-act-of-2021-sets-in-motion-
rsmus.com,1,Other:1,Other:1,,https://rsmus.com/what-we-do/services/tax/federal-tax/president-biden-signs-american-rescue-plan-act-of-2021.html
myameriflex.com,1,Other:1,Other:1,,https://myameriflex.com/resources/articles/american-rescue-plan-act-of-2021-arpa/
fivethirtyeight.com,1,Other:1,Other:1,,https://fivethirtyeight.com/features/were-the-stimulus-checks-a-mistake/
econlib.org,1,Other:1,Other:1,,https://www.econlib.org/did-the-2017-tax-cut-leave-the-majority-of-americans-behind/
equitablegrowth.org,1,Other:1,Other:2,,https://equitablegrowth.org/the-relationship-between-taxation-and-u-s-economic-growth/
aei.org,1,Other:1,Other:1,,https://www.aei.org/pethokoukis/explaining-1990s-economic-boom-hillary/
thenationalnews.com,1,Other:1,Other:1,,https://www.thenationalnews.com/business/money/trickle-down-economics-is-given-another-go-in-the-us-1.676655
jabberwocking.com,1,Other:1,Other:1,,https://jabberwocking.com/raw-data-road-quality-in-the-20-biggest-countries/
smapse.com,1,Other:1,Other:1,,https://smapse.com/countries-with-the-best-roads-world-ranking/
mothership.sg,1,Other:1,Other:1,,https://mothership.sg/2021/04/joe-biden-infrastructure-singapore/
uk.finance.yahoo.com,1,Other:1,Other:1,,https://uk.finance.yahoo.com/news/wef-countries-with-the-best-infrastructure-in-the-world-060056307.html
mckinsey.com,1,Other:1,Other:1,,https://www.mckinsey.com/industries/public-sector/our-insights/the-us-bipartisan-infrastructure-law-breaking-it-down
roanoke.com,1,Other:1,Other:1,,https://roanoke.com/news/national/govt-and-politics/biden-administration-launches-program-to-fix-15-000-bridges/article_
norfolkdailynews.com,1,Other:1,Other:1,,https://norfolkdailynews.com/news/national/odd_national/biden-administration-launches-program-to-fix-15-000-bridges/arti
armscontrolcenter.org,1,Other:1,Other:1,,https://armscontrolcenter.org/fiscal-year-2022-defense-budget-request-briefing-book/
usgovernmentspending.com,1,Other:1,Other:1,,https://www.usgovernmentspending.com/defense_spending
prosperousamerica.org,1,Other:1,Other:1,,https://prosperousamerica.org/congress_must_strengthen_buy_america_act/
news5cleveland.com,1,Other:1,Other:1,,https://www.news5cleveland.com/news/state/redefining-the-rust-belt-intel-announces-20-billion-mega-plant-near-columbus-i
constructiondive.com,1,Other:1,Other:1,,https://www.constructiondive.com/news/intel-to-build-2-ohio-semiconductor-factories-worth-20b/617718/
statenews.org,1,Other:1,Other:1,,https://www.statenews.org/government-politics/2022-01-21/new-intel-mega-fab-semiconductor-facility-will-be-historic-inve
crn.com,1,Other:1,Other:1,,https://www.crn.com/slide-shows/components-peripherals/10-big-moves-by-intel-ceo-pat-gelsinger-in-his-first-year
electronicdesign.com,1,Other:1,Other:1,,https://www.electronicdesign.com/technologies/power/article/21233543/electronic-design-intel-gives-boost-to-foundry-ambi
chicagobusiness.com,1,Other:1,Other:1,,https://www.chicagobusiness.com/manufacturing/reshoring-trend-boosts-small-us-manufacturers
supplychain247.com,1,Other:1,Other:1,,https://www.supplychain247.com/article/is_the_us_reshoring_trend_a_fact_or_a_myth
automacha.com,1,Other:1,Other:1,,https://automacha.com/ford-motor-to-hire-11000-workers-for-new-ev-production/
news9.com,1,Other:1,Other:1,,https://www.news9.com/story/615317018cef680be5910f31/ford-to-add-11000-jobs-making-electric-vehicles-batteries
wxyz.com,1,Other:1,Other:1,,https://www.wxyz.com/news/general-motors-planning-to-spend-6-5b-add-4-000-jobs-at-michigan-electric-vehicle-factories
investor.gm.com,1,Other:1,Other:1,,https://investor.gm.com/news-releases/news-release-details/gm-accelerates-its-drive-lead-ev-industry-7-billion-investmen
theepochtimes.com,1,Other:1,Other:1,,https://www.theepochtimes.com/article/gm-to-spend-6-5b-add-4000-jobs-at-michigan-ev-factories-4228577
abc12.com,1,Other:1,Other:1,,https://www.abc12.com/news/business/gm-to-spend-6-5-billion-add-4-000-jobs-at-michigan-electric-vehicle-factories/articl
dean.house.gov,1,Political:1,Government:1,GOV-NEEDS-MAPPING(else-quarantine),https://dean.house.gov/2022/2/congresswoman-dean-announces-pennsylvania-gained-16-300-manufacturing-jobs-in-2021
industryselect.com,1,Other:1,Other:1,,https://industryselect.com/blog/hiring-trends-in-manufacturing-october-2021
gaiconsultants.com,1,Other:1,Other:1,,https://gaiconsultants.com/goods-vs-services/
tribtoday.com,1,Other:1,Other:1,,https://www.tribtoday.com/opinion/editorials/2022/03/lets-knock-the-rust-off-the-rust-belt/
timesleaderonline.com,1,Other:1,Other:1,,https://www.timesleaderonline.com/opinion/editorials/2022/03/reverse-rust-belt-trends/
jsonline.com,1,Other:1,Other:1,,https://www.jsonline.com/story/money/2022/03/09/rust-belt-term-outdated-economically-evolving-wisconsin-midwest/93417200
mariettatimes.com,1,Other:1,Other:1,,https://www.mariettatimes.com/opinion/editorials/2022/03/time-to-knock-off-the-rust/
sbdcnj.com,1,Other:1,Other:1,,https://www.sbdcnj.com/2022/the-best-job-creation-record-in-history/
aptean.com,1,Other:1,Other:1,,https://www.aptean.com/en-US/insights/blog/6-events-disrupted-manufacturing-supply-chain
gtreview.com,1,Other:1,Other:1,,https://www.gtreview.com/news/global/covid-19-triggers-global-manufacturing-slowdown-as-output-plunges/
ecb.europa.eu,1,Other:1,Other:1,,https://www.ecb.europa.eu/press/economic-bulletin/focus/2022/html/ecb.ebbox202108_01~e8ceebe51f.en.html
alixpartners.com,1,Other:1,Other:1,,https://www.alixpartners.com/newsroom/press-release-shortages-related-to-semiconductors-to-cost-the-auto-industry-210-bi
blogs.the-hospitalist.org,1,Other:1,Other:1,,https://blogs.the-hospitalist.org/content/more-1-10-people-us-have-diabetes-cdc-says
link.springer.com,1,Other:1,Other:1,,https://link.springer.com/article/10.1007/s13300-019-00743-7
ghr.nlm.nih.gov,1,Government:1,Government:1,GOV-NEEDS-MAPPING(else-quarantine),https://ghr.nlm.nih.gov/condition/type-1-diabetes
about.ebsco.com,1,Other:1,Other:1,,https://about.ebsco.com/blogs/health-notes/initiating-insulin-patients-type-1-diabetes
sites.psu.edu,1,Other:1,Other:1,,https://sites.psu.edu/apd5648/2021/04/07/the-cost-of-insulin/
wabi.tv,1,Other:1,Other:1,,https://www.wabi.tv/2022/04/25/profit-pump-100-years-after-first-patient-uses-insulin-out-of-pocket-costs-continue-climb
uhfnyc.org,1,Other:1,Other:1,,https://uhfnyc.org/publications/publication/ARPA-boosts-health-coverage-affordability/
fatherly.com,1,Other:1,Other:1,,https://www.fatherly.com/news/map-average-cost-of-child-care-per-state
citizen.org,1,Other:1,Other:1,,https://www.citizen.org/article/the-price-of-zero/
yubanet.com,1,Other:1,Other:1,,https://yubanet.com/usa/55-corporations-exploit-old-and-new-loopholes-to-pay-0-in-federal-taxes-in-2020/
firstcoastnews.com,1,Other:1,Other:1,,https://www.firstcoastnews.com/article/news/national/biggest-fraud-in-generation-looting-covid-relief-plan-known-as-ppp/
edit.d9.justice.gov,1,Political:1,Government:1,GOV-NEEDS-MAPPING(else-quarantine),https://edit.d9.justice.gov/opa/pr/four-charged-35-million-covid-19-relief-fraud-scheme
agg.com,1,Other:1,Other:1,,https://www.agg.com/news-insights/publications/update-the-growing-wave-of-ppp-loan-prosecutions
economist.com,1,Other:1,Other:1,,https://www.economist.com/finance-and-economics/a-perfect-storm-for-container-shipping/21804500
easyship.com,1,Other:1,Other:2,,https://www.easyship.com/blog/international-shipping-rate-increase
mcalindenresearchpartners.com,1,Other:1,Other:1,,https://mcalindenresearchpartners.com/2022/02/10/ocean-freight-shatters-annual-profit-records-sustained-gains-and-indust
hellenicshippingnews.com,1,Other:1,Other:1,,https://www.hellenicshippingnews.com/how-ocean-carriers-dove-deeper-into-logistics-air-cargo-in-2021/
realbankreform.org,1,Other:1,Other:1,,https://realbankreform.org/2021/10/15/fact-sheet-private-equity-owned-nursing-homes-extract-profits-at-the-expense-of-ca
news.weill.cornell.edu,1,Other:1,Other:1,,https://news.weill.cornell.edu/news/2021/11/private-equity-ownership-of-nursing-homes-linked-to-lower-quality-of-care-hi
phs.weill.cornell.edu,1,Other:1,Other:1,,https://phs.weill.cornell.edu/news/private-equity-ownership-nursing-homes-linked-lower-quality-care-higher-medicare-cost
kmbc.com,1,Other:1,Other:1,,https://www.kmbc.com/article/cdc-pandemic-mask-guidelines-february-2022/39214787
respiratory-therapy.com,1,Other:1,Other:1,,https://respiratory-therapy.com/disorders-diseases/infectious-diseases/coronavirus/pfizer-paxlovid-antiviral-pill-reduce
fiercepharma.com,1,Other:1,Other:1,,https://www.fiercepharma.com/pharma/pfizer-to-double-order-covid-19-pill-paxlovid-us-report
advisory.com,1,Other:1,Other:1,,https://www.advisory.com/daily-briefing/2022/03/10/test-to-treat
premera.com,1,Other:1,Other:1,,https://www.premera.com/wa/producer/news/general/test-to-treat/
fox5dc.com,1,Other:1,Other:1,,https://www.fox5dc.com/news/free-government-covid-test-kits-now-available-everything-you-need-to-know
inquirer.com,1,Other:1,Other:1,,https://www.inquirer.com/philly-tips/free-covid-tests-mail.html
consumer.ftc.gov,1,Political:1,Government:2,GOV-NEEDS-MAPPING(else-quarantine),https://consumer.ftc.gov/its-official-get-free-covid-test-kits-covidtestsgov
frontiersin.org,1,Other:1,Other:1,,https://www.frontiersin.org/journals/public-health/articles/10.3389/fpubh.2022.887955/full
dukeghic.org,1,Other:1,Other:1,,https://dukeghic.org/2021/07/09/taking-a-closer-look-at-vaccine-exports/
healthpolicy-watch.news,1,Other:1,Other:1,,https://healthpolicy-watch.news/china-covax-led-vaccine-exports-lmic-2021/
mdjonline.com,1,Other:1,Other:1,,https://www.mdjonline.com/neighbor_newspapers/news/national/biden-divides-democrats-with-calls-to-fund-police/article_9b
northjersey.com,1,Other:1,Other:1,,https://www.northjersey.com/story/news/nation/2022/01/25/second-nypd-police-officer-killed-harlem-shooting-wilbert-mora/
abc17news.com,1,Other:1,Other:1,,https://abc17news.com/news/national-world/cnn-national/2022/01/24/jason-rivera-the-22-year-old-nypd-officer-killed-in-th
cops.usdoj.gov,1,Political:1,Government:1,GOV-NEEDS-MAPPING(else-quarantine),https://cops.usdoj.gov/community_violence_intervention
constitutioncenter.org,1,Other:1,Other:1,,https://constitutioncenter.org/blog/understanding-the-process-to-replace-justice-breyer
demandjustice.org,1,Other:1,Other:1,,https://demandjustice.org/judge-ketanji-brown-jackson-is-one-of-the-most-qualified-nominees-for-the-supreme-court-ever/
cbs4local.com,1,Other:1,Other:1,,https://cbs4local.com/news/local/new-inspection-technology-to-be-installed-along-southern-border
kfoxtv.com,1,Other:1,Other:1,,https://kfoxtv.com/news/local/high-tech-inspection-devices-to-be-installed-at-ports-of-entry-along-southern-border
fox10phoenix.com,1,Other:1,Other:1,,https://www.fox10phoenix.com/news/new-technology-helps-spot-illegal-drug-and-gun-smuggling-at-us-mexico-border
yalejournal.org,1,Other:1,Other:1,,https://www.yalejournal.org/publications/it-takes-two-how-immediate-bilateral-action-will-help-curb-illicit-arms-traffic
hrdive.com,1,Other:1,Other:1,,https://www.hrdive.com/news/us-chamber-calls-for-modernization-of-broken-immigration-system/620468/
aflcio.org,1,Other:1,Other:1,,https://aflcio.org/press/releases/immigrant-rights-are-workers-rights
thestand.org,1,Other:1,Other:1,,https://www.thestand.org/2021/09/labor-u-s-immigration-reform-will-benefit-all/
interfaithimmigration.org,1,Other:1,Other:1,,https://www.interfaithimmigration.org/issues/enforcement/
rfi.fr,1,Other:1,Other:2,,https://www.rfi.fr/en/roe-v-wade-1973-case-that-enshrined-us-abortion-rights
stories.as.com,1,Other:1,Other:1,,https://stories.as.com/en/amp/What-is-the-history-of-Roe-v-Wade
reproductiverights.org,1,Other:1,Other:1,,https://reproductiverights.org/cases/scotus-mississippi-abortion-ban-dobbs-jackson-womens-health/
en.people.cn,1,Other:1,Other:1,,https://en.people.cn/n3/2022/0508/c90000-10093676.html
ny1.com,1,Other:1,Other:1,,https://ny1.com/nyc/all-boroughs/news/2021/11/30/biden-veteran-bills-bipartisan-congress
cronkitenews.azpbs.org,1,Other:1,Other:1,,https://cronkitenews.azpbs.org/2021/03/22/house-oks-era-bill-violence-against-women-act-in-womens-history-month/
ovc.ojp.gov,1,Political:1,Government:1,GOV-NEEDS-MAPPING(else-quarantine),https://ovc.ojp.gov/news/archives/announcements/ovc-leadership-attend-signing-violence-against-women-act-reauthorization
maricopacountyattorney.org,1,Other:1,Other:1,,https://maricopacountyattorney.org/CivicAlerts.aspx?AID=753
drugfree.org,1,Other:1,Other:1,,https://drugfree.org/newsroom/news-item/survey-ten-percent-of-american-adults-report-being-in-recovery-from-substance-ab
mtpr.org,1,Other:1,Other:1,,https://www.mtpr.org/2022-01-15/there-is-life-after-addiction-most-people-recover
chestnut.org,1,Other:1,Other:1,,https://chestnut.org/li/william-white-library/blogs/article/2021/02/addiction-recovery-prevalence-in-the-united-states-l
wbaa.org,1,Other:1,Other:1,,https://www.wbaa.org/2022-01-13/while-addiction-is-deadlier-than-ever-research-shows-most-americans-heal
millerjohnson.com,1,Other:1,Other:1,,https://millerjohnson.com/american-rescue-plan/
tcta.org,1,Other:1,Other:1,,https://www.tcta.org/american-rescue-plan-act-injects-over-123-billion-into-schools
publications.aap.org,1,Other:1,Other:1,,https://publications.aap.org/pediatrics/article/149/5/e2022056611/184904/Epidemic-Rates-of-Child-and-Adolescent-Mental
stopbullying.gov,1,Political:1,Government:1,GOV-NEEDS-MAPPING(else-quarantine),https://www.stopbullying.gov/bullying/bullying-and-trauma
gatewaypva.org,1,Other:1,Other:1,,https://www.gatewaypva.org/nso-reports/2021/6/4/va-debt-relief-extended
nbcboston.com,1,Other:1,Other:1,,https://www.nbcboston.com/news/national-international/from-service-to-sick-burn-pits-united-states-military-bases/64662/
grist.org,1,Other:1,Other:2,,https://grist.org/health/military-burn-pit-health-effects-veterans-overseas-domestic/
audacy.com,1,Other:1,Other:1,,https://www.audacy.com/connectingvets/news/inside-veterans-affairs/could-joe-bidens-loss-spark-military-toxic-exposure-c
townandcountrymag.com,1,Other:1,Other:1,,https://www.townandcountrymag.com/society/politics/a33638261/who-was-beau-biden-joe-biden-son/
warhistoryonline.com,1,Other:1,Other:1,,https://www.warhistoryonline.com/news/medic.html
njarmyguard.com,1,Other:1,Other:1,,https://njarmyguard.com/medicalmos
lajollamom.com,1,Other:1,Other:1,,https://lajollamom.com/the-lego-movie/
mamainthenow.com,1,Other:1,Other:1,,https://mamainthenow.com/fun-lego-facts/
veterans.senate.gov,1,Political:1,Government:1,PROTECTED-T1-CANDIDATE,https://www.veterans.senate.gov/2022/3/tester-statement-on-va-s-proposal-to-add-nine-new-presumptive-conditions-for-toxi
wmur.com,1,Other:1,Other:1,,https://www.wmur.com/article/covid-third-leading-cause-of-death-us-2021-cdc/39803353
aamc.org,1,Other:1,Other:1,,https://www.aamc.org/advocacy-policy/washington-highlights/president-biden-reignites-cancer-moonshot-initiative
news.ohsu.edu,1,Other:1,Other:1,,https://news.ohsu.edu/2022/02/02/ohsu-knight-cancer-institute-applauds-updated-biden-administration-cancer-moonshot-init
livinginternet.com,1,Other:1,Other:1,,https://www.livinginternet.com/i/ii_darpa.htm
prism-magazine.org,1,Other:1,Other:1,,https://www.prism-magazine.org/jan11/feature_01.cfm
